#
# A fatal error has been detected by the Java Runtime Environment:
#
#  EXCEPTION_ACCESS_VIOLATION (0xc0000005) at pc=0x0000022414667945, pid=3988, tid=10032
#
# JRE version: OpenJDK Runtime Environment (21.0.10) (build 21.0.10+-14961533-b1163.108)
# Java VM: OpenJDK 64-Bit Server VM (21.0.10+-14961533-b1163.108, mixed mode, tiered, compressed oops, compressed class ptrs, g1 gc, windows-amd64)
# Problematic frame:
# J 28610 c2 com.android.tools.r8.internal.tn0.<init>(Lcom/android/tools/r8/internal/a41;I)V (687 bytes) @ 0x0000022414667945 [0x00000224146668e0+0x0000000000001065]
#
# No core dump will be written. Minidumps are not enabled by default on client versions of Windows
#
# If you would like to submit a bug report, please visit:
#   https://youtrack.jetbrains.com/issues/JBR
#

---------------  S U M M A R Y ------------

Command Line: --add-opens=java.base/java.lang=ALL-UNNAMED --add-opens=java.base/java.lang.invoke=ALL-UNNAMED --add-opens=java.base/java.util=ALL-UNNAMED --add-opens=java.prefs/java.util.prefs=ALL-UNNAMED --add-exports=jdk.compiler/com.sun.tools.javac.api=ALL-UNNAMED --add-exports=jdk.compiler/com.sun.tools.javac.util=ALL-UNNAMED --add-opens=java.base/java.util=ALL-UNNAMED --add-opens=java.prefs/java.util.prefs=ALL-UNNAMED --add-opens=java.base/java.nio.charset=ALL-UNNAMED --add-opens=java.base/java.net=ALL-UNNAMED --add-opens=java.base/java.util.concurrent=ALL-UNNAMED --add-opens=java.base/java.util.concurrent.atomic=ALL-UNNAMED --add-opens=java.xml/javax.xml.namespace=ALL-UNNAMED --add-opens=java.base/java.time=ALL-UNNAMED -Xmx2048m -Dfile.encoding=UTF-8 -Duser.country=US -Duser.language=en -Duser.variant -javaagent:C:\Users\gabov\.gradle\wrapper\dists\gradle-9.4.1-bin\arn2x92ynaizyzdaamcbpbhtj\gradle-9.4.1\lib\agents\gradle-instrumentation-agent-9.4.1.jar org.gradle.launcher.daemon.bootstrap.GradleDaemon 9.4.1

Host: AMD Ryzen 5 2600X Six-Core Processor           , 12 cores, 15G,  Windows 11 , 64 bit Build 26100 (10.0.26100.9168)
Time: Tue Aug 25 05:40:39 2026 Central America Standard Time elapsed time: 372.219832 seconds (0d 0h 6m 12s)

---------------  T H R E A D  ---------------

Current thread (0x000002242e208310):  JavaThread "WorkerExecutor Queue Thread 7"        [_thread_in_Java, id=10032, stack(0x0000006f97500000,0x0000006f97600000) (1024K)]

Stack: [0x0000006f97500000,0x0000006f97600000],  sp=0x0000006f975fcca0,  free space=1011k
Native frames: (J=compiled Java code, j=interpreted, Vv=VM code, C=native code)
C  0x0000022414667945

The last pc belongs to nmethod (printed below).

siginfo: EXCEPTION_ACCESS_VIOLATION (0xc0000005), reading address 0xffffffffffffffce


Registers:
RAX=0x00000000975eb430, RBX=0x0000000000000001, RCX=0x0000000000000001, RDX=0x0000000000000002
RSP=0x0000006f975fcca0, RBP=0x000000000000000a, RSI=0x00000000975eb200, RDI=0x00000000975e1c08
R8 =0x00000000975eb480, R9 =0x0000000000000000, R10=0x000000000000000a, R11=0x0000000000000000
R12=0x0000000000000000, R13=0x0000000000000001, R14=0x00000000975eb200, R15=0x000002242e208310
RIP=0x0000022414667945, EFLAGS=0x0000000000010297

XMM[0]=0x0000000000000000 0x000000004e800000
XMM[1]=0x0000000000000000 0x000000003fc00000
XMM[2]=0x0c98f5818685ba9f 0x4a319941fc018edf
XMM[3]=0xee830681e1ddc99f 0x59db6a41e191dddf
XMM[4]=0x000e178101b4d89f 0x34e63b4167e12cdf
XMM[5]=0x233542644a31be52 0xec33e0a16e52f634
XMM[6]=0xc5f505e1e78d1ace 0xd9f4a92744493af1
XMM[7]=0x01e1f8f53ae85e8d 0x7f4881ef5486ab2d
XMM[8]=0x069b0478ac5976bb 0x5b8b7154fbd6b3fb
XMM[9]=0xb71f2bf4b71f2bf4 0xb71f2bf4fa6d9571
XMM[10]=0x0000000000000000 0x00000000434e697d
XMM[11]=0x0a8d20f60a8d20f6 0x0a8d20f604fab667
XMM[12]=0x0000000000000000 0x00000000fa6d9571
XMM[13]=0x0000000000000000 0x00000000975bead0
XMM[14]=0x0000000000000000 0x00000000975bebb0
XMM[15]=0x0000000000000000 0x0000000000000000
  MXCSR=0x00001fa0


Register to memory mapping:

RAX=0x00000000975eb430 is an oop: [Ljava.lang.Object; 
{0x00000000975eb430} - klass: 'java/lang/Object'[]
 - length: 10
RBX=0x0000000000000001 is an unknown value
RCX=0x0000000000000001 is an unknown value
RDX=0x0000000000000002 is an unknown value
RSP=0x0000006f975fcca0 is pointing into the stack for thread: 0x000002242e208310
RBP=0x000000000000000a is an unknown value
RSI=0x00000000975eb200 is an oop: com.android.tools.r8.internal.kd 
{0x00000000975eb200} - klass: 'com/android/tools/r8/internal/kd'
 - ---- fields (total size 9 words):
 - public 'g' 'I' @12  1 (0x00000001)
 - public 'l' 'I' @16  0 (0x00000000)
 - public 'm' 'I' @20  0 (0x00000000)
 - public 'n' 'I' @24  0 (0x00000000)
 - public 'i' 'Z' @28  false (0x00)
 - public 'j' 'Z' @29  false (0x00)
 - public 'a' 'Lcom/android/tools/r8/internal/zf1;' @32  null (0x00000000)
 - public final 'b' 'Ljava/util/ArrayList;' @36  a 'java/util/ArrayList'{0x00000000975eb248} (0x975eb248)
 - public final 'c' 'Ljava/util/ArrayList;' @40  a 'java/util/ArrayList'{0x00000000975eb260} (0x975eb260)
 - public 'd' 'Ljava/util/Set;' @44  null (0x00000000)
 - public 'e' 'Lcom/android/tools/r8/internal/dk;' @48  a 'com/android/tools/r8/internal/dk'{0x000000008b19c490} (0x8b19c490)
 - public final 'f' 'Lcom/android/tools/r8/internal/wa1;' @52  a 'com/android/tools/r8/internal/wa1'{0x00000000975eb278} (0x975eb278)
 - public 'h' 'Ljava/util/ArrayList;' @56  a 'java/util/ArrayList'{0x00000000975eb298} (0x975eb298)
 - public final 'k' 'Ljava/util/HashMap;' @60  a 'java/util/HashMap'{0x00000000975eb2b0} (0x975eb2b0)
 - public 'o' 'Ljava/util/HashMap;' @64  a 'java/util/HashMap'{0x00000000975eb2e0} (0x975eb2e0)
 - public 'p' 'Lcom/android/tools/r8/internal/h41;' @68  a 'com/android/tools/r8/internal/h41'{0x00000000975e1bb0} (0x975e1bb0)
RDI=0x00000000975e1c08 is an oop: com.android.tools.r8.internal.kd 
{0x00000000975e1c08} - klass: 'com/android/tools/r8/internal/kd'
 - ---- fields (total size 9 words):
 - public 'g' 'I' @12  0 (0x00000000)
 - public 'l' 'I' @16  0 (0x00000000)
 - public 'm' 'I' @20  0 (0x00000000)
 - public 'n' 'I' @24  0 (0x00000000)
 - public 'i' 'Z' @28  true (0x01)
 - public 'j' 'Z' @29  true (0x01)
 - public 'a' 'Lcom/android/tools/r8/internal/zf1;' @32  null (0x00000000)
 - public final 'b' 'Ljava/util/ArrayList;' @36  a 'java/util/ArrayList'{0x00000000975e1c50} (0x975e1c50)
 - public final 'c' 'Ljava/util/ArrayList;' @40  a 'java/util/ArrayList'{0x00000000975e1c68} (0x975e1c68)
 - public 'd' 'Ljava/util/Set;' @44  null (0x00000000)
 - public 'e' 'Lcom/android/tools/r8/internal/dk;' @48  a 'com/android/tools/r8/internal/dk'{0x000000008b19c490} (0x8b19c490)
 - public final 'f' 'Lcom/android/tools/r8/internal/wa1;' @52  a 'com/android/tools/r8/internal/wa1'{0x00000000975e1c80} (0x975e1c80)
 - public 'h' 'Ljava/util/ArrayList;' @56  a 'java/util/ArrayList'{0x00000000975e1ca0} (0x975e1ca0)
 - public final 'k' 'Ljava/util/HashMap;' @60  a 'java/util/HashMap'{0x00000000975e1cb8} (0x975e1cb8)
 - public 'o' 'Ljava/util/HashMap;' @64  null (0x00000000)
 - public 'p' 'Lcom/android/tools/r8/internal/h41;' @68  a 'com/android/tools/r8/internal/h41'{0x00000000975e1bb0} (0x975e1bb0)
R8 =0x00000000975eb480 is an oop: [Lcom.android.tools.r8.internal.kd; 
{0x00000000975eb480} - klass: 'com/android/tools/r8/internal/kd'[]
 - length: 2
R9 =0x0 is null
R10=0x000000000000000a is an unknown value
R11=0x0 is null
R12=0x0 is null
R13=0x0000000000000001 is an unknown value
R14=0x00000000975eb200 is an oop: com.android.tools.r8.internal.kd 
{0x00000000975eb200} - klass: 'com/android/tools/r8/internal/kd'
 - ---- fields (total size 9 words):
 - public 'g' 'I' @12  1 (0x00000001)
 - public 'l' 'I' @16  0 (0x00000000)
 - public 'm' 'I' @20  0 (0x00000000)
 - public 'n' 'I' @24  0 (0x00000000)
 - public 'i' 'Z' @28  false (0x00)
 - public 'j' 'Z' @29  false (0x00)
 - public 'a' 'Lcom/android/tools/r8/internal/zf1;' @32  null (0x00000000)
 - public final 'b' 'Ljava/util/ArrayList;' @36  a 'java/util/ArrayList'{0x00000000975eb248} (0x975eb248)
 - public final 'c' 'Ljava/util/ArrayList;' @40  a 'java/util/ArrayList'{0x00000000975eb260} (0x975eb260)
 - public 'd' 'Ljava/util/Set;' @44  null (0x00000000)
 - public 'e' 'Lcom/android/tools/r8/internal/dk;' @48  a 'com/android/tools/r8/internal/dk'{0x000000008b19c490} (0x8b19c490)
 - public final 'f' 'Lcom/android/tools/r8/internal/wa1;' @52  a 'com/android/tools/r8/internal/wa1'{0x00000000975eb278} (0x975eb278)
 - public 'h' 'Ljava/util/ArrayList;' @56  a 'java/util/ArrayList'{0x00000000975eb298} (0x975eb298)
 - public final 'k' 'Ljava/util/HashMap;' @60  a 'java/util/HashMap'{0x00000000975eb2b0} (0x975eb2b0)
 - public 'o' 'Ljava/util/HashMap;' @64  a 'java/util/HashMap'{0x00000000975eb2e0} (0x975eb2e0)
 - public 'p' 'Lcom/android/tools/r8/internal/h41;' @68  a 'com/android/tools/r8/internal/h41'{0x00000000975e1bb0} (0x975e1bb0)
R15=0x000002242e208310 is a thread

Top of Stack: (sp=0x0000006f975fcca0)
0x0000006f975fcca0:   0000006f975fccd0 0000022414430000
0x0000006f975fccb0:   0000000000000000 00000000975e9c00
0x0000006f975fccc0:   00000000975eb418 00000002975eb468
0x0000006f975fccd0:   00000000975e9908 0000000200000001
0x0000006f975fcce0:   00000000975eb468 00000000975eb1e0
0x0000006f975fccf0:   00000000975e1c08 00000000975eb408
0x0000006f975fcd00:   00000000975e1b78 00007ffdfbf9afd0
0x0000006f975fcd10:   00000000975e9908 000002240dd12d94
0x0000006f975fcd20:   0000000000000002 0000000000000000
0x0000006f975fcd30:   00000001975ea2e8 975e280800000001
0x0000006f975fcd40:   975e1b7800000000 00007ffdfba072d9
0x0000006f975fcd50:   00000000975ea3f8 0000000000000040
0x0000006f975fcd60:   000002242e208310 00000000975e1bb0
0x0000006f975fcd70:   00000000975eb178 000000008f22fec0
0x0000006f975fcd80:   0000000000000000 00000000975eb1d0
0x0000006f975fcd90:   00000000975e9908 000002240d7f39ec
0x0000006f975fcda0:   00000000975eb1d0 00000000975e1bb0
0x0000006f975fcdb0:   000002242e208310 000000008f2d7100
0x0000006f975fcdc0:   000002242e208310 00007ffdfbe72e9f
0x0000006f975fcdd0:   000002242e208310 0000006f975fce90
0x0000006f975fcde0:   00000000fe90eff8 0000006f975fce58
0x0000006f975fcdf0:   00007ffdfbfebd60 0000000000000000
0x0000006f975fce00:   8ed72640975e9800 0000000000000000
0x0000006f975fce10:   0000000089cd1a00 0000000000000000
0x0000006f975fce20:   000000008a0af0a0 0000022413ffe236
0x0000006f975fce30:   00000000975ce9f0 000002240df5cf1c
0x0000006f975fce40:   00000000975e1498 00000000fe9126c0
0x0000006f975fce50:   0000000080753610 000000008f224690
0x0000006f975fce60:   00000000975e9908 0000000087be7028
0x0000006f975fce70:   00000000975eb0f8 0000000000000001
0x0000006f975fce80:   00000000975eb118 00000000975e1c08
0x0000006f975fce90:   00000000975e4d00 00000000975eb178 

Instructions: (pc=0x0000022414667945)
0x0000022414667845:   4c 8b 54 24 48 45 8b 42 14 45 8b 50 0c 4d 8b 9f
0x0000022414667855:   58 04 00 00 4d 8b c8 41 85 03 41 83 fa 01 7e ca
0x0000022414667865:   45 33 db bb 01 00 00 00 eb 22 c4 c1 79 7e c3 4c
0x0000022414667875:   8b 54 24 48 45 8b 4a 14 45 8b 51 0c 49 8b 8f 58
0x0000022414667885:   04 00 00 ff c3 85 01 41 3b da 7d 99 41 3b da 0f
0x0000022414667895:   83 41 15 00 00 45 8b 74 99 10 45 8b 46 28 41 8b
0x00000224146678a5:   48 10 85 c9 0f 8e d5 17 00 00 45 8b 50 08 41 81
0x00000224146678b5:   fa c2 af 00 20 0f 85 28 16 00 00 4d 8b d0 45 8b
0x00000224146678c5:   4a 10 45 85 c9 0f 8c 48 16 00 00 45 85 c9 0f 84
0x00000224146678d5:   2f 15 00 00 41 8b 42 14 8b 68 0c 85 ed 0f 86 64
0x00000224146678e5:   16 00 00 8b 78 10 44 8b 57 08 41 81 fa 77 87 20
0x00000224146678f5:   20 0f 85 e8 20 00 00 4c 8b 54 24 48 45 8b 42 18
0x0000022414667905:   44 8b 57 0c 41 8b 50 0c 44 3b d2 0f 83 26 15 00
0x0000022414667915:   00 47 8b 54 90 10 45 85 d2 0f 84 90 17 00 00 4d
0x0000022414667925:   63 d1 4c 63 c9 49 ff c9 4d 3b ca 0f 83 42 15 00
0x0000022414667935:   00 4c 63 d5 4d 3b ca 0f 83 36 15 00 00 49 8b f6
0x0000022414667945:   45 33 d2 c4 c1 79 6e c3 46 8b 5c 90 10 45 8b 4b
0x0000022414667955:   08 41 81 f9 77 87 20 20 0f 85 b1 20 00 00 45 85
0x0000022414667965:   d2 0f 84 a0 00 00 00 4d 8b cb 45 8b 59 0c 44 3b
0x0000022414667975:   da 0f 83 6a 16 00 00 47 3b 64 98 10 0f 84 85 00
0x0000022414667985:   00 00 4c 3b cf 0f 84 79 00 00 00 44 8b 5f 0c 41
0x0000022414667995:   8b 69 0c 41 3b eb 7e 26 66 66 90 3b ea 0f 83 c8
0x00000224146679a5:   12 00 00 45 8b 6c a8 10 4d 8b 8f 58 04 00 00 41
0x00000224146679b5:   85 01 41 8b 6d 0c 41 3b eb 7f e0 4d 8b cd 4d 8b
0x00000224146679c5:   af 58 04 00 00 41 85 45 00 44 3b dd 7e 31 0f 1f
0x00000224146679d5:   80 00 00 00 00 66 0f 1f 44 00 00 44 3b da 0f 83
0x00000224146679e5:   fb 16 00 00 43 8b 7c 98 10 44 8b 5f 0c 4d 8b af
0x00000224146679f5:   58 04 00 00 41 85 45 00 44 3b dd 7f de eb 83 4c
0x0000022414667a05:   3b cf 75 8b 49 8b f9 4d 8b 9f 58 04 00 00 41 ff
0x0000022414667a15:   c2 41 85 03 44 3b d1 0f 8c 2b ff ff ff 45 8b 56
0x0000022414667a25:   0c 44 3b d2 0f 83 7d 14 00 00 4d 8b d8 4b 8d 74
0x0000022414667a35:   90 10 44 8b 16 4c 3b d7 0f 84 2c fe ff ff 41 80 


Stack slot to memory mapping:

stack at sp + 0 slots: 0x0000006f975fccd0 is pointing into the stack for thread: 0x000002242e208310
stack at sp + 1 slots: 0x0000022414430000 is at entry_point+2784 in (nmethod*)0x000002241442ef90
Compiled method (c2) 372289 27811       4       com.android.tools.r8.ir.optimize.i1::a (723 bytes)
 total in heap  [0x000002241442ef90,0x00000224144342f8] = 21352
 relocation     [0x000002241442f0f0,0x000002241442f508] = 1048
 main code      [0x000002241442f520,0x0000022414431e80] = 10592
 stub code      [0x0000022414431e80,0x0000022414432000] = 384
 oops           [0x0000022414432000,0x0000022414432030] = 48
 metadata       [0x0000022414432030,0x00000224144323a8] = 888
 scopes data    [0x00000224144323a8,0x0000022414433348] = 4000
 scopes pcs     [0x0000022414433348,0x0000022414433cb8] = 2416
 dependencies   [0x0000022414433cb8,0x0000022414433da0] = 232
 handler table  [0x0000022414433da0,0x0000022414434178] = 984
 nul chk table  [0x0000022414434178,0x00000224144342f8] = 384
stack at sp + 2 slots: 0x0 is null
stack at sp + 3 slots: 0x00000000975e9c00 is an oop: java.util.LinkedList$ListItr 
{0x00000000975e9c00} - klass: 'java/util/LinkedList$ListItr'
 - ---- fields (total size 4 words):
 - private 'nextIndex' 'I' @12  1 (0x00000001)
 - private 'expectedModCount' 'I' @16  1 (0x00000001)
 - private 'lastReturned' 'Ljava/util/LinkedList$Node;' @20  a 'java/util/LinkedList$Node'{0x00000000975e2808} (0x975e2808)
 - private 'next' 'Ljava/util/LinkedList$Node;' @24  null (0x00000000)
 - final synthetic 'this$0' 'Ljava/util/LinkedList;' @28  a 'java/util/LinkedList'{0x00000000975e1b78} (0x975e1b78)
stack at sp + 4 slots: 0x00000000975eb418 is an oop: com.android.tools.r8.internal.on1 
{0x00000000975eb418} - klass: 'com/android/tools/r8/internal/on1'
 - ---- fields (total size 3 words):
 - public 'b' 'Z' @12  true (0x01)
 - public final synthetic 'c' 'Ljava/lang/Object;' @16  a 'com/android/tools/r8/internal/kd'{0x00000000975e1c08} (0x975e1c08)
stack at sp + 5 slots: 0x00000002975eb468 is an unknown value
stack at sp + 6 slots: 0x00000000975e9908 is an oop: com.android.tools.r8.internal.a41 
{0x00000000975e9908} - klass: 'com/android/tools/r8/internal/a41'
 - ---- fields (total size 7 words):
 - public 'g' 'I' @12  1 (0x00000001)
 - public 'h' 'I' @16  0 (0x00000000)
 - public final 'a' 'Lcom/android/tools/r8/graph/lc;' @20  a 'com/android/tools/r8/graph/lc'{0x00000000975bf308} (0x975bf308)
 - public final 'b' 'Lcom/android/tools/r8/internal/xd2$a;' @24  a 'com/android/tools/r8/internal/xd2$a'{0x00000000975e0008} (0x975e0008)
 - public final 'c' 'Lcom/android/tools/r8/internal/rz2;' @28  a 'com/android/tools/r8/internal/rz2$b'{0x00000000975e2730} (0x975e2730)
 - public 'd' 'Ljava/util/LinkedList;' @32  a 'java/util/LinkedList'{0x00000000975e1b78} (0x975e1b78)
 - public final 'e' 'Lcom/android/tools/r8/internal/zo2;' @36  a 'com/android/tools/r8/internal/zo2'{0x00000000975e1950} (0x975e1950)
 - public final 'f' 'Lcom/android/tools/r8/internal/zo2;' @40  a 'com/android/tools/r8/internal/zo2'{0x00000000975e1bd0} (0x975e1bd0)
 - public final 'i' 'Lcom/android/tools/r8/internal/h41;' @44  a 'com/android/tools/r8/internal/h41'{0x00000000975e1bb0} (0x975e1bb0)
 - public final 'j' 'Lcom/android/tools/r8/internal/vk1;' @48  a 'com/android/tools/r8/internal/vk1'{0x000000008ed68868} (0x8ed68868)
stack at sp + 7 slots: 0x0000000200000001 is an unknown value


Compiled method (c2) 372307 28610       4       com.android.tools.r8.internal.tn0::<init> (687 bytes)
 total in heap  [0x0000022414666490,0x000002241466b438] = 20392
 relocation     [0x00000224146665f0,0x00000224146668d8] = 744
 main code      [0x00000224146668e0,0x0000022414669d10] = 13360
 stub code      [0x0000022414669d10,0x0000022414669d58] = 72
 oops           [0x0000022414669d58,0x0000022414669d78] = 32
 metadata       [0x0000022414669d78,0x0000022414669f68] = 496
 scopes data    [0x0000022414669f68,0x000002241466aa40] = 2776
 scopes pcs     [0x000002241466aa40,0x000002241466b060] = 1568
 dependencies   [0x000002241466b060,0x000002241466b0e8] = 136
 handler table  [0x000002241466b0e8,0x000002241466b328] = 576
 nul chk table  [0x000002241466b328,0x000002241466b438] = 272

[Constant Pool (empty)]

[MachCode]
[Entry Point]
  # {method} {0x0000022430ce71b8} '<init>' '(Lcom/android/tools/r8/internal/a41;I)V' in 'com/android/tools/r8/internal/tn0'
  # this:     rdx:rdx   = 'com/android/tools/r8/internal/tn0'
  # parm0:    r8:r8     = 'com/android/tools/r8/internal/a41'
  # parm1:    r9        = int
  #           [sp+0x100]  (sp of caller)
  0x00000224146668e0: 448b 5208 | 49c1 e203 

  0x00000224146668e8: ;   {runtime_call ic_miss_stub}
  0x00000224146668e8: 493b c20f | 858f 7e41 | ff66 6690 | 660f 1f44 | 0000 660f | 1f44 0000 
[Verified Entry Point]
  0x0000022414666900: 8984 2400 | 80ff ff55 | 4881 ecf0 | 0000 0090 | 4181 7f20 | 2e00 0000 | 0f85 e433 | 0000 4489 
  0x0000022414666920: 4c24 3c4c | 8944 2430 | 4889 5424 | 4844 8862 | 1049 8b9f | b801 0000 | 4c8b d349 | 83c2 484d 
  0x0000022414666940: 3b97 c801 | 0000 0f83 | 141f 0000 | 4d89 97b8 | 0100 0041 | 0f18 8200 | 0100 0048 | c703 0100 
  0x0000022414666960: ;   {metadata('com/android/tools/r8/internal/kd')}
  0x0000022414666960: 0000 c743 | 0877 8720 | 2044 8963 | 0c4c 8963 | 104c 8963 | 184c 8963 | 204c 8963 | 284c 8963 
  0x0000022414666980: 304c 8963 | 384c 8963 | 404c 8b54 | 2430 418b | 722c 498b | 87b8 0100 | 004c 8bd0 | 4983 c218 
  0x00000224146669a0: 4c8b de4c | 899c 24c8 | 0000 004d | 3b97 c801 | 0000 0f83 | e420 0000 | 4d89 97b8 | 0100 0041 
  0x00000224146669c0: 0f18 8200 | 0100 0048 | c700 0100 

  0x00000224146669cc: ;   {metadata('java/util/ArrayList')}
  0x00000224146669cc: 0000 c740 | 08c2 af00 | 2044 8960 | 0c44 8960 

  0x00000224146669dc: ;   {oop(a 'java/lang/Object'[0] {0x0000000080816350})}
  0x00000224146669dc: 10c7 4014 | 5063 8180 | 488b fb4c | 8bd0 4489 | 5324 4c8b | d04c 8bdb | 4d33 d349 

  0x00000224146669f8: ;   {oop(a 'com/android/tools/r8/internal/dk'{0x000000008b19c490})}
  0x00000224146669f8: c1ea 1448 | bd90 c419 | 8b00 0000 | 004d 85d2 | 741a 49c1 | eb09 48b9 | 0000 a51b | 2402 0000 
  0x0000022414666a18: 4903 cb80 | 3902 0f85 | 1e1b 0000 | 4d8b afb8 | 0100 004d | 8bd5 4983 | c218 4d3b | 97c8 0100 
  0x0000022414666a38: 000f 83f4 | 1f00 004d | 8997 b801 | 0000 410f | 1882 0001 | 0000 49c7 | 4500 0100 

  0x0000022414666a54: ;   {metadata('java/util/ArrayList')}
  0x0000022414666a54: 0000 41c7 | 4508 c2af | 0020 4589 | 650c 4589 

  0x0000022414666a64: ;   {oop(a 'java/lang/Object'[0] {0x0000000080816350})}
  0x0000022414666a64: 6510 41c7 | 4514 5063 | 8180 4180 | 7f40 000f | 85d1 1700 | 004d 8bd5 | 4489 5328 | 4c8b d34d 
  0x0000022414666a84: 8bdd 4d33 | da49 c1eb | 144d 85db | 741a 49c1 | ea09 48b9 | 0000 a51b | 2402 0000 | 4903 ca80 
  0x0000022414666aa4: 3902 0f85 | bc18 0000 | 4180 7f40 | 000f 85c6 | 1700 0041 | 807f 4000 | 0f85 5517 

  0x0000022414666ac0: ;   {oop(a 'com/android/tools/r8/internal/dk'{0x000000008b19c490})}
  0x0000022414666ac0: 0000 c743 | 3090 c419 | 8b44 8963 | 2c4c 8bd5 | 4c8b db4d | 33d3 49c1 | ea14 4d85 | d274 1a49 
  0x0000022414666ae0: c1eb 0948 | b900 00a5 | 1b24 0200 | 0049 03cb | 8039 020f | 8511 1900 | 0049 8baf | b801 0000 
  0x0000022414666b00: 4c8b d549 | 83c2 204d | 3b97 c801 | 0000 0f83 | 701d 0000 | 4d89 97b8 | 0100 0041 | 0f18 8200 
  0x0000022414666b20: 0100 0048 | c745 0001 

  0x0000022414666b28: ;   {metadata('com/android/tools/r8/internal/wa1')}
  0x0000022414666b28: 0000 00c7 | 4508 008d | 2020 4489 | 650c 4489 | 6514 4c89 | 6518 897d | 1041 807f | 4000 0f85 
  0x0000022414666b48: c715 0000 | 4c8b db4c | 8bd5 4489 | 5334 4c8b | d54d 33d3 | 49c1 ea14 | 4d85 d274 | 1a49 c1eb 
  0x0000022414666b68: 0948 b900 | 00a5 1b24 | 0200 0049 | 03cb 8039 | 020f 859b | 1700 00c7 | 430c ffff | ffff 498b 
  0x0000022414666b88: afb8 0100 | 004c 8bd5 | 4983 c218 | 4d3b 97c8 | 0100 000f | 8323 1e00 | 004d 8997 | b801 0000 
  0x0000022414666ba8: 410f 1882 | 0001 0000 | 48c7 4500 | 0100 0000 

  0x0000022414666bb8: ;   {metadata('java/util/ArrayList')}
  0x0000022414666bb8: c745 08c2 | af00 2044 | 8965 0c44 

  0x0000022414666bc4: ;   {oop(a 'java/lang/Object'[0] {0x0000000080816350})}
  0x0000022414666bc4: 8965 10c7 | 4514 5063 | 8180 4180 | 7f40 000f | 8507 1500 | 004c 8bdb | 4c8b d544 | 8953 384c 
  0x0000022414666be4: 8bd5 4d33 | d349 c1ea | 144d 85d2 | 741a 49c1 | eb09 48b9 | 0000 a51b | 2402 0000 | 4903 cb80 
  0x0000022414666c04: 3902 0f85 | 9a18 0000 | 4488 631d | 498b afb8 | 0100 0044 | 8863 1c4c | 8bd5 4983 | c230 4d3b 
  0x0000022414666c24: 97c8 0100 | 000f 83c4 | 1c00 004d | 8997 b801 | 0000 410f | 1882 0001 | 0000 48c7 | 4500 0100 
  0x0000022414666c44: ;   {metadata('java/util/HashMap')}
  0x0000022414666c44: 0000 c745 | 08ac cc00 | 2044 8965 | 0c4c 8965 | 104c 8965 | 184c 8965 | 2848 c745 | 2000 0040 
  0x0000022414666c64: 3f41 807f | 4000 0f85 | 4115 0000 | 4c8b db4c | 8bd5 4489 | 533c 4c8b | d54d 33d3 | 49c1 ea14 
  0x0000022414666c84: 4d85 d274 | 1a49 c1eb | 0948 b900 | 00a5 1b24 | 0200 0049 | 03cb 8039 | 020f 8519 | 1700 0044 
  0x0000022414666ca4: 8963 1849 | 8baf b801 | 0000 4489 | 6310 4c8b | d549 83c2 | 3044 8963 | 144d 3b97 | c801 0000 
  0x0000022414666cc4: 0f83 951c | 0000 4d89 | 97b8 0100 | 0041 0f18 | 8200 0100 | 0048 c745 | 0001 0000 

  0x0000022414666ce0: ;   {metadata('java/util/HashMap')}
  0x0000022414666ce0: 00c7 4508 | accc 0020 | 4489 650c | 4c89 6510 | 4c89 6518 | 4c89 6528 | 48c7 4520 | 0000 403f 
  0x0000022414666d00: 4180 7f40 | 000f 85d9 | 1400 004c | 8bdb 4c8b | d544 8953 | 404c 8bd5 | 4d33 d349 | c1ea 144d 
  0x0000022414666d20: 85d2 741a | 49c1 eb09 | 48b9 0000 | a51b 2402 | 0000 4903 | cb80 3902 | 0f85 1a17 | 0000 4180 
  0x0000022414666d40: 7f40 000f | 85fd 1300 | 0089 7344 | 4c8b 9424 | c800 0000 | 4c8b db4d | 33d3 49c1 | ea14 4d85 
  0x0000022414666d60: d274 1e85 | f674 1a49 | c1eb 0948 | b900 00a5 | 1b24 0200 | 0049 03cb | 8039 020f | 85cd 1800 
  0x0000022414666d80: 0041 807f | 4000 0f85 | ed13 0000 | 4c8b 5424 | 4841 897a | 1c4c 8bd3 | 4c8b 5c24 | 484d 33d3 
  0x0000022414666da0: 49c1 ea14 | 4d85 d274 | 1a49 c1eb | 0948 b900 | 00a5 1b24 | 0200 0049 | 03cb 8039 | 020f 8531 
  0x0000022414666dc0: 1700 0048 | 8b54 2430 

  0x0000022414666dc8: ;   {optimized virtual_call}
  0x0000022414666dc8: 6666 90e8 

  0x0000022414666dcc: ; ImmutableOopMap {[48]=Oop [72]=Oop }
                      ;*invokevirtual E {reexecute=0 rethrow=0 return_oop=1}
                      ; - com.android.tools.r8.internal.tn0::<init>@82 (line 15)
  0x0000022414666dcc: 905f 8a00 

  0x0000022414666dd0: ;   {other}
  0x0000022414666dd0: 0f1f 8400 | 4009 0000 | 4889 4424 | 5844 8b50 

  0x0000022414666de0: ;   {metadata('com/android/tools/r8/internal/tz3')}
  0x0000022414666de0: 0841 81fa | ac2e 1b20 | 0f84 e600 

  0x0000022414666dec: ;   {metadata('com/android/tools/r8/internal/wi3')}
  0x0000022414666dec: 0000 4181 | fa00 301b | 200f 85e1 | 2700 004c | 8bc0 418b | 700c 448b | 560c 4585 | d20f 8692 
  0x0000022414666e0c: 1100 0049 | 8b9f b801 | 0000 4c8b | db49 83c3 | 1848 8bfe | 4d3b 9fc8 | 0100 000f | 8387 1e00 
  0x0000022414666e2c: 004d 899f | b801 0000 | 410f 1883 | 0001 0000 | 48c7 0301 

  0x0000022414666e40: ;   {metadata('com/android/tools/r8/internal/pn1')}
  0x0000022414666e40: 0000 00c7 | 4308 4e33 | 1b20 4c89 | 6310 4489 | 530c 4180 | 7f40 000f | 8529 1900 | 0089 7314 
  0x0000022414666e60: 4c8b d74c | 8bdb 4d33 | d349 c1ea | 144d 85d2 | 0f84 a800 | 0000 49c1 | eb09 48b9 | 0000 a51b 
  0x0000022414666e80: 2402 0000 | 4903 cb80 | 3902 0f84 | 8e00 0000 | 4d8b 5748 | 4d8b 5f58 | f083 4424 | c000 8039 
  0x0000022414666ea0: 0074 7b44 | 8821 4d85 | d275 1a49 | 8bd7 49ba | e029 96fb | fd7f 0000 

  0x0000022414666eb8: ;   {other}
  0x0000022414666eb8: 41ff d20f | 1f84 0000 | 0000 00eb | 594b 894c | 13f8 4983 | c2f8 4d89 | 5748 eb4a | 4c8b c049 
  0x0000022414666ed8: 8b9f b801 | 0000 418b | 680c 4c8b | d349 83c2 | 184d 3b97 | c801 0000 | 0f83 531d | 0000 4d89 
  0x0000022414666ef8: 97b8 0100 | 0041 0f18 | 8200 0100 | 0048 c703 | 0100 0000 

  0x0000022414666f0c: ;   {metadata('com/android/tools/r8/internal/on1')}
  0x0000022414666f0c: c743 088f | 841b 2044 | 8963 0c44 | 8963 1489 | 6b10 448b 

  0x0000022414666f20: ;   {metadata('com/android/tools/r8/internal/pn1')}
  0x0000022414666f20: 5b08 4181 | fb4e 331b | 200f 855c | 0b00 004c | 8bd3 458b | 4210 458b | 520c 453b | c20f 8d6d 
  0x0000022414666f40: 1000 00bd | 0100 0000 | 85ed 0f84 | 1504 0000 | 448b 5b08 

  0x0000022414666f54: ;   {metadata('com/android/tools/r8/internal/pn1')}
  0x0000022414666f54: 4181 fb4e | 331b 200f | 8547 0b00 | 004c 8bc3 | eb1e 6666 | 0f1f 8400 | 0000 0000 | 41ba 0100 
  0x0000022414666f74: 0000 4585 | d20f 84e6 | 0300 004c | 8b44 2420 | 458b 580c | 418b 4810 | 413b cb0f | 8d9b 2000 
  0x0000022414666f94: 0041 8b68 | 1444 8d59 | 0145 8958 | 1044 8b5d | 0c41 3bcb | 0f83 ae20 | 0000 448b | 5c8d 1045 
  0x0000022414666fb4: 8b53 084d 

  0x0000022414666fb8: ;   {metadata('com/android/tools/r8/internal/kd')}
  0x0000022414666fb8: 8bcb 4181 | fa77 8720 | 200f 85c9 | 2900 0045 | 8b59 3445 | 8b53 184c | 894c 2450 | 4c89 4424 
  0x0000022414666fd8: 2048 895c | 2440 498b | d248 b8ff | ffff ffff 

  0x0000022414666fe8: ;   {virtual_call}
  0x0000022414666fe8: ffff ffe8 

  0x0000022414666fec: ; ImmutableOopMap {[32]=Oop [48]=Oop [64]=Oop [72]=Oop [80]=Oop [88]=Oop }
                      ;*invokevirtual l0 {reexecute=0 rethrow=0 return_oop=1}
                      ; - com.android.tools.r8.internal.kd::h@61 (line 3)
                      ; - com.android.tools.r8.internal.tn0::<init>@115 (line 18)
  0x0000022414666fec: 60e0 51ff 

  0x0000022414666ff0: ;   {other}
  0x0000022414666ff0: 0f1f 8400 | 600b 0001 | 488b d066 | 9048 b8ff | ffff ffff 

  0x0000022414667004: ;   {virtual_call}
  0x0000022414667004: ffff ffe8 

  0x0000022414667008: ; ImmutableOopMap {[32]=Oop [48]=Oop [64]=Oop [72]=Oop [80]=Oop [88]=Oop }
                      ;*invokevirtual a2 {reexecute=0 rethrow=0 return_oop=0}
                      ; - com.android.tools.r8.internal.tn0::<init>@118 (line 18)
  0x0000022414667008: cc44 5cff 

  0x000002241466700c: ;   {other}
  0x000002241466700c: 0f1f 8400 | 7c0b 0002 | 4d8b 9758 

  0x0000022414667018: ; ImmutableOopMap {[32]=Oop [48]=Oop [64]=Oop [72]=Oop [80]=Oop [88]=Oop }
                      ;*ifeq {reexecute=1 rethrow=0 return_oop=0}
                      ; - (reexecute) com.android.tools.r8.internal.tn0::<init>@121 (line 18)
                      ;   {poll}
  0x0000022414667018: 0400 0041 | 8502 85c0 | 7532 488b | 5c24 4044 

  0x0000022414667028: ;   {metadata('com/android/tools/r8/internal/pn1')}
  0x0000022414667028: 8b5b 0841 | 81fb 4e33 | 1b20 0f85 | 0f03 0000 | 4c8b d345 | 8b42 1045 | 8b52 0c45 | 3bc2 0f8c 
  0x0000022414667048: 24ff ffff | 4533 d2e9 | 22ff ffff | 4c8b 5424 | 4845 8b5a | 1c45 8b53 | 2845 8b42 | 0849 8bf2 
  0x0000022414667068: ;   {metadata('java/util/ArrayList')}
  0x0000022414667068: 4181 f8c2 | af00 200f | 854b 2200 | 008b 4e14 | ff46 0c44 | 8b59 0c44 | 8b56 1041 | 8d5a 0145 
  0x0000022414667088: 3bd3 0f85 | 4602 0000 | 4585 db0f | 86b5 0000 | 0041 8bea | 412b eb45 | 8bc3 41d1 | f8ff c544 
  0x00000224146670a8: 3bc5 440f | 4cc5 4503 | c341 8d78 | ff81 fff7 | ffff 7f0f | 8360 2600 | 0089 5c24 | 6044 8954 
  0x00000224146670c8: 2438 4889 | 7424 2848 | 8b6c 2448 

  0x00000224146670d4: ;   {static_call}
  0x00000224146670d4: 488b d1e8 

  0x00000224146670d8: ; ImmutableOopMap {rbp=Oop [32]=Oop [40]=Oop [48]=Oop [64]=Oop [80]=Oop [88]=Oop }
                      ;*invokestatic copyOf {reexecute=0 rethrow=0 return_oop=1}
                      ; - java.util.ArrayList::grow@37
                      ; - java.util.ArrayList::grow@7
                      ; - java.util.ArrayList::add@7
                      ; - java.util.ArrayList::add@20
                      ; - com.android.tools.r8.internal.tn0::<init>@133 (line 19)
  0x00000224146670d8: 4492 9dff 

  0x00000224146670dc: ;   {other}
  0x00000224146670dc: 0f1f 8400 | 4c0c 0004 | 488b d841 | 807f 4000 | 0f85 4a1a | 0000 488b | 7424 284c | 8bd6 4c8b 
  0x00000224146670fc: cb4d 8bd9 | 4d33 da4d | 8bc1 4489 | 4614 49c1 | eb14 4d85 | db74 1f4d | 85c9 741a | 49c1 ea09 
  0x000002241466711c: 48b9 0000 | a51b 2402 | 0000 4903 | ca80 3902 | 0f85 421a | 0000 4d85 | c90f 8479 | 2500 0048 
  0x000002241466713c: 896c 2448 | 448b 5424 | 388b 5c24 | 60e9 8b01 

  0x000002241466714c: ;   {oop(a 'java/lang/Object'[0] {0x0000000080816350})}
  0x000002241466714c: 0000 81f9 | 5063 8180 | 0f85 3fff | ffff 41b8 | 0a00 0000 | 443b c344 | 0f4c c341 | 81f8 0000 
  0x000002241466716c: 0400 0f87 | c024 0000 | 4d63 d841 | 81f8 0000 | 0400 0f87 | 0f1c 0000 | 4d8b 8fb8 | 0100 004a 
  0x000002241466718c: 8d0c 9d17 | 0000 004c | 8bd9 4983 | e3f8 498b | f949 03fb | 493b bfc8 | 0100 000f | 83e6 1b00 
  0x00000224146671ac: 0049 89bf | b801 0000 | 0f18 8700 | 0100 0049 | c701 0100 | 0000 0f18 | 8740 0100 

  0x00000224146671c8: ;   {metadata('java/lang/Object'[])}
  0x00000224146671c8: 0041 c741 | 0895 b800 | 2045 8941 | 0c0f 1887 | 8001 0000 | 498b f948 | 83c7 1048 | c1e9 0348 
  0x00000224146671e8: 83c1 fe48 | 33c0 4883 | f908 7f10 | 48ff c978 | 4f48 8904 | cf48 ffc9 | 7df7 eb44 | c5fd efc0 
  0x0000022414667208: e90d 0000 | 00c5 fe7f | 07c5 fe7f | 4720 4883 | c740 4883 | e908 7ded | 4883 c104 | 7c0c c5fe 
  0x0000022414667228: 7f07 4883 | c720 4883 | e904 4883 | c104 7e10 | 48ff c9c5 | f9d6 0748 | 83c7 0848 | ffc9 7df3 
  0x0000022414667248: 4180 7f40 | 000f 8566 | 1500 004d | 8bd9 4d8b | c144 8946 | 144c 8bc6 | 4d33 d849 | c1eb 144d 
  0x0000022414667268: 85db 746d | 49c1 e809 | 48b9 0000 | a51b 2402 | 0000 4903 | c880 3902 | 7457 4d8b | 5f58 4d8b 
  0x0000022414667288: 4748 f083 | 4424 c000 | 8039 0074 | 4444 8821 | 4d85 c075 | 2a4d 8bf1 | 8beb 458b | ea49 8bd7 
  0x00000224146672a8: 49ba e029 | 96fb fd7f | 0000 41ff 

  0x00000224146672b4: ;   {other}
  0x00000224146672b4: d20f 1f84 | 0000 0000 | 0045 8bd5 | 8bdd 4d8b | ceeb 124b | 894c 03f8 | 4983 c0f8 | 4d89 4748 
  0x00000224146672d4: eb03 4c8b | c945 8b41 | 0c45 3bd0 | 0f83 921f | 0000 458b 

  0x00000224146672e8: ;   {metadata('java/lang/Object'[])}
  0x00000224146672e8: 4108 4181 | f895 b800 | 200f 8505 | 2000 004b | 8d6c 9110 | 4180 7f40 | 000f 8558 | 0d00 004c 
  0x0000022414667308: 8b5c 2450 | 4d8b d34d | 8bc3 4489 | 4500 4c8b | dd4d 33d3 | 49c1 ea14 | 4d85 d274 | 1a49 c1eb 
  0x0000022414667328: 0948 b900 | 00a5 1b24 | 0200 0049 | 03cb 8039 | 020f 8553 | 0d00 0089 | 5e10 e9db 

  0x0000022414667344: ;   {metadata('com/android/tools/r8/internal/on1')}
  0x0000022414667344: fcff ff41 | 81fb 8f84 | 1b20 0f85 | f01f 0000 | 4c8b d345 | 0fb6 520c | 4183 f201 | e911 fcff 
  0x0000022414667364: ff4c 8b54 | 2430 418b | 6a20 448b 

  0x0000022414667370: ;   {metadata('java/util/LinkedList')}
  0x0000022414667370: 5d08 4181 | fbc6 e003 | 200f 851d | 2000 004c | 8bd5 458b | 5a10 4489 | 5c24 3844 | 8b44 243c 
  0x0000022414667390: 4183 f802 | 0f84 2622 | 0000 41ff | c344 895c | 243c 4181 | fb00 0004 | 000f 87c1 | 1f00 004c 
  0x00000224146673b0: 6354 2438 | 4983 c201 | 4181 fb00 | 0004 000f | 8724 1700 | 0049 8baf | b801 0000 | 4a8d 0c95 
  0x00000224146673d0: 1700 0000 | 4c8b d149 | 83e2 f84c | 8bdd 4d03 | da4d 3b9f | c801 0000 | 0f83 fb16 | 0000 4d89 
  0x00000224146673f0: 9fb8 0100 | 0041 0f18 | 8300 0100 | 0048 c745 | 0001 0000 | 0041 0f18 | 8340 0100 

  0x000002241466740c: ;   {metadata('com/android/tools/r8/internal/kd'[])}
  0x000002241466740c: 00c7 4508 | bb17 2120 | 448b 5424 | 3c44 8955 | 0c41 0f18 | 8380 0100 | 0048 8bfd | 4883 c710 
  0x000002241466742c: 48c1 e903 | 4883 c1fe | 4833 c048 | 83f9 087f | 1048 ffc9 | 784f 4889 | 04cf 48ff | c97d f7eb 
  0x000002241466744c: 44c5 fdef | c0e9 0d00 | 0000 c5fe | 7f07 c5fe | 7f47 2048 | 83c7 4048 | 83e9 087d | ed48 83c1 
  0x000002241466746c: 047c 0cc5 | fe7f 0748 | 83c7 2048 | 83e9 0448 | 83c1 047e | 1048 ffc9 | c5f9 d607 | 4883 c708 
  0x000002241466748c: 48ff c97d | f348 8b54 | 2458 4889 | 6c24 4066 | 9048 b8ff | ffff ffff 

  0x00000224146674a4: ;   {virtual_call}
  0x00000224146674a4: ffff ffe8 

  0x00000224146674a8: ; ImmutableOopMap {rbp=Oop [48]=Oop [64]=Oop [72]=Oop [88]=Oop }
                      ;*invokevirtual size {reexecute=0 rethrow=0 return_oop=0}
                      ; - com.android.tools.r8.internal.s51::toArray@7 (line 3)
                      ; - com.android.tools.r8.internal.tn0::<init>@308 (line 46)
  0x00000224146674a8: c4ab 4dff 

  0x00000224146674ac: ;   {other}
  0x00000224146674ac: 0f1f 8400 | 1c10 0005 | 448b 5c24 | 3c44 3bd8 | 0f8c e809 | 0000 443b | d80f 8fec | 0a00 0048 
  0x00000224146674cc: 8b54 2458 | 4c8b 4424 | 4045 33c9 | 9048 b8ff | ffff ffff 

  0x00000224146674e0: ;   {virtual_call}
  0x00000224146674e0: ffff ffe8 

  0x00000224146674e4: ; ImmutableOopMap {[48]=Oop [64]=Oop [72]=Oop }
                      ;*invokevirtual a {reexecute=0 rethrow=0 return_oop=0}
                      ; - com.android.tools.r8.internal.s51::toArray@62 (line 13)
                      ; - com.android.tools.r8.internal.tn0::<init>@308 (line 46)
  0x00000224146674e4: 08cc 51ff 

  0x00000224146674e8: ;   {other}
  0x00000224146674e8: 0f1f 8400 | 5810 0006 | 488b 5c24 | 4044 8b53 

  0x00000224146674f8: ;   {metadata('com/android/tools/r8/internal/kd'[])}
  0x00000224146674f8: 0841 81fa | bb17 2120 | 0f85 ba24 | 0000 4180 | 7f40 000f | 859f 0d00 | 008b 7b0c | 4c8b 5424 
  0x0000022414667518: 484c 8bc3 | 4c8b 5c24 | 4845 8943 | 144c 8bdb | 4d33 da49 | c1eb 144d | 85db 741a | 49c1 ea09 
  0x0000022414667538: 48b9 0000 | a51b 2402 | 0000 4903 | ca80 3902 | 0f85 b210 | 0000 4c8b | 5424 4841 | 8b6a 1c44 
  0x0000022414667558: 8b5c 2438 | 443b df0f | 8313 1e00 | 004a 8d5c | 9b10 4180 | 7f40 000f | 8573 0d00 | 0089 2b4c 
  0x0000022414667578: 8bd5 4c8b | db4d 33d3 | 49c1 ea14 | 4d85 d274 | 1e85 ed74 | 1a49 c1eb | 0948 b900 | 00a5 1b24 
  0x0000022414667598: 0200 0049 | 03cb 8039 | 020f 8543 | 1100 004c | 8b54 2448 | 448b 4424 | 3c45 8942 | 0c45 8b52 
  0x00000224146675b8: 1444 8954 | 2428 458b | 5a0c 4489 | 5c24 2c45 | 85db 0f86 | da00 0000 | 41ff cb44 | 3b5c 242c 
  0x00000224146675d8: 0f83 fe1d | 0000 458b | 5210 4589 | 620c 448b | 4c24 2c41 | 83c1 fd41 | 83f9 010f | 8ef7 1d00 
  0x00000224146675f8: ;   {no_reloc}
  0x00000224146675f8: 00b9 a00f | 0000 bb01 | 0000 008b | 5424 2c2b | d383 c2fd | 4533 c044 | 3bcb 410f | 4cd0 81fa 
  0x0000022414667618: a00f 0000 | 0f47 d103 | d30f 1f84 | 0000 0000 | 000f 1f80 | 0000 0000 | 448b 5c24 | 2845 8b5c 
  0x0000022414667638: 9b10 4189 | 5b0c 448b | 5424 2845 | 8b54 9a14 | 448d 4301 

  0x000002241466764c: ; implicit exception: dispatches to 0x0000022414669c40
  0x000002241466764c: 4589 420c | 448b 5c24 | 2845 8b5c | 9b18 448d | 4302 4589 | 430c 448b | 5424 2845 | 8b5c 9a1c 
  0x000002241466766c: 448d 4303 

  0x0000022414667670: ; implicit exception: dispatches to 0x0000022414669c40
  0x0000022414667670: 4589 430c | 83c3 043b | da7c b54d | 8b97 5804 

  0x0000022414667680: ; ImmutableOopMap {[40]=NarrowOop [48]=Oop [72]=Oop }
                      ;*goto {reexecute=1 rethrow=0 return_oop=0}
                      ; - (reexecute) com.android.tools.r8.internal.tn0::<init>@357 (line 50)
                      ;   {poll}
  0x0000022414667680: 0000 4185 | 0241 3bd9 | 0f8c 75ff | ffff 3b5c | 242c 7d16 | 448b 5c24 | 2845 8b54 | 9b10 4189 
  0x00000224146676a0: 5a0c ffc3 | 3b5c 242c | 7cea 448b | 5424 2c41 | 81fa 0000 | 0400 0f87 | 5414 0000 | 498b 9fb8 
  0x00000224146676c0: 0100 004d | 63d2 4a8d | 0c95 1700 | 0000 4c8b | d149 83e2 | f84c 8bdb | 4d03 da4d | 3b9f c801 
  0x00000224146676e0: 0000 0f83 | 2814 0000 | 4d89 9fb8 | 0100 0041 | 0f18 8300 | 0100 0048 | c703 0100 | 0000 410f 
  0x0000022414667700: 1883 4001 

  0x0000022414667704: ;   {metadata('com/android/tools/r8/internal/kd'[])}
  0x0000022414667704: 0000 c743 | 08bb 1721 | 2044 8b44 | 242c 4489 | 430c 410f | 1883 8001 | 0000 488b | fb48 83c7 
  0x0000022414667724: 1048 c1e9 | 0348 83c1 | fe48 33c0 | 4883 f908 | 7f10 48ff | c978 4f48 | 8904 cf48 | ffc9 7df7 
  0x0000022414667744: eb44 c5fd | efc0 e90d | 0000 00c5 | fe7f 07c5 | fe7f 4720 | 4883 c740 | 4883 e908 | 7ded 4883 
  0x0000022414667764: c104 7c0c | c5fe 7f07 | 4883 c720 | 4883 e904 | 4883 c104 | 7e10 48ff | c9c5 f9d6 | 0748 83c7 
  0x0000022414667784: 0848 ffc9 | 7df3 4180 | 7f40 000f | 8501 0e00 | 004c 8bdb | 4c8b 5424 | 4845 895a | 184c 8bdb 
  0x00000224146677a4: 4d33 da49 | c1eb 144d | 85db 741a | 49c1 ea09 | 48b9 0000 | a51b 2402 | 0000 4903 | ca80 3902 
  0x00000224146677c4: 0f85 d20e | 0000 448b | 5c24 2c45 | 85db 0f86 | e01b 0000 | 4883 c310 | 4180 7f40 | 000f 85e7 
  0x00000224146677e4: 0d00 0044 | 8b54 2428 | 458b 5a10 | 4489 1b4c | 8bd3 4d8b | c34d 33c2 | 49c1 e814 | 4d85 c074 
  0x0000022414667804: ;   {no_reloc}
  0x0000022414667804: 1f45 85db | 741a 49c1 | ea09 48b9 | 0000 a51b | 2402 0000 | 4903 ca80 | 3902 0f85 | 140f 0000 
  0x0000022414667824: 41bb 0100 | 0000 4585 | db75 1648 | 81c4 f000 

  0x0000022414667834: ;   {poll_return}
  0x0000022414667834: 0000 5d49 | 3ba7 5004 | 0000 0f87 | a824 0000 | c34c 8b54 | 2448 458b | 4214 458b | 500c 4d8b 
  0x0000022414667854: 9f58 0400 

  0x0000022414667858: ; ImmutableOopMap {r9=Oop [48]=Oop [72]=Oop }
                      ;*if_icmpge {reexecute=1 rethrow=0 return_oop=0}
                      ; - (reexecute) com.android.tools.r8.internal.tn0::<init>@397 (line 57)
  0x0000022414667858: 004d 8bc8 

  0x000002241466785c: ;   {poll}
  0x000002241466785c: 4185 0341 | 83fa 017e | ca45 33db | bb01 0000 | 00eb 22c4 | c179 7ec3 | 4c8b 5424 | 4845 8b4a 
  0x000002241466787c: 1445 8b51 | 0c49 8b8f | 5804 0000 

  0x0000022414667888: ; ImmutableOopMap {r9=Oop [48]=Oop [72]=Oop }
                      ;*if_icmpge {reexecute=1 rethrow=0 return_oop=0}
                      ; - (reexecute) com.android.tools.r8.internal.tn0::<init>@397 (line 57)
                      ;   {poll}
  0x0000022414667888: ffc3 8501 | 413b da7d | 9941 3bda | 0f83 4115 | 0000 458b | 7499 1045 | 8b46 2841 | 8b48 1085 
  0x00000224146678a8: c90f 8ed5 | 1700 0045 

  0x00000224146678b0: ;   {metadata('java/util/ArrayList')}
  0x00000224146678b0: 8b50 0841 | 81fa c2af | 0020 0f85 | 2816 0000 | 4d8b d045 | 8b4a 1045 | 85c9 0f8c | 4816 0000 
  0x00000224146678d0: 4585 c90f | 842f 1500 | 0041 8b42 | 148b 680c | 85ed 0f86 | 6416 0000 | 8b78 1044 

  0x00000224146678ec: ;   {metadata('com/android/tools/r8/internal/kd')}
  0x00000224146678ec: 8b57 0841 | 81fa 7787 | 2020 0f85 | e820 0000 | 4c8b 5424 | 4845 8b42 | 1844 8b57 | 0c41 8b50 
  0x000002241466790c: 0c44 3bd2 | 0f83 2615 | 0000 478b | 5490 1045 | 85d2 0f84 | 9017 0000 | 4d63 d14c | 63c9 49ff 
  0x000002241466792c: c94d 3bca | 0f83 4215 | 0000 4c63 | d54d 3bca | 0f83 3615 | 0000 498b | f645 33d2 | c4c1 796e 
  0x000002241466794c: c346 8b5c | 9010 458b 

  0x0000022414667954: ;   {metadata('com/android/tools/r8/internal/kd')}
  0x0000022414667954: 4b08 4181 | f977 8720 | 200f 85b1 | 2000 0045 | 85d2 0f84 | a000 0000 | 4d8b cb45 | 8b59 0c44 
  0x0000022414667974: 3bda 0f83 | 6a16 0000 | 473b 6498 | 100f 8485 | 0000 004c | 3bcf 0f84 | 7900 0000 | 448b 5f0c 
  0x0000022414667994: 418b 690c | 413b eb7e | 2666 6690 | 3bea 0f83 | c812 0000 | 458b 6ca8 | 104d 8b8f 

  0x00000224146679b0: ; ImmutableOopMap {r8=NarrowOop rdi=Oop rsi=Oop rax=NarrowOop r13=NarrowOop r14=NarrowOop [48]=Oop [72]=Oop }
                      ;*goto {reexecute=1 rethrow=0 return_oop=0}
                      ; - (reexecute) com.android.tools.r8.internal.tn0::<init>@569 (line 77)
  0x00000224146679b0: 5804 0000 

  0x00000224146679b4: ;   {poll}
  0x00000224146679b4: 4185 0141 | 8b6d 0c41 | 3beb 7fe0 | 4d8b cd4d | 8baf 5804 

  0x00000224146679c8: ; ImmutableOopMap {r8=NarrowOop r9=Oop rdi=Oop rsi=Oop rax=NarrowOop r14=NarrowOop [48]=Oop [72]=Oop }
                      ;*if_icmple {reexecute=1 rethrow=0 return_oop=0}
                      ; - (reexecute) com.android.tools.r8.internal.tn0::<init>@582 (line 78)
                      ;   {poll}
  0x00000224146679c8: 0000 4185 | 4500 443b | dd7e 310f | 1f80 0000 | 0000 660f | 1f44 0000 | 443b da0f | 83fb 1600 
  0x00000224146679e8: 0043 8b7c | 9810 448b | 5f0c 4d8b | af58 0400 

  0x00000224146679f8: ; ImmutableOopMap {r8=NarrowOop r9=Oop rdi=Oop rsi=Oop rax=NarrowOop r14=NarrowOop [48]=Oop [72]=Oop }
                      ;*if_icmple {reexecute=1 rethrow=0 return_oop=0}
                      ; - (reexecute) com.android.tools.r8.internal.tn0::<init>@582 (line 78)
                      ;   {poll}
  0x00000224146679f8: 0041 8545 | 0044 3bdd | 7fde eb83 | 4c3b cf75 | 8b49 8bf9 | 4d8b 9f58 | 0400 0041 

  0x0000022414667a14: ; ImmutableOopMap {r8=NarrowOop rdi=Oop rsi=Oop rax=NarrowOop r14=NarrowOop [48]=Oop [72]=Oop }
                      ;*goto {reexecute=1 rethrow=0 return_oop=0}
                      ; - (reexecute) com.android.tools.r8.internal.tn0::<init>@607 (line 79)
                      ;   {poll}
  0x0000022414667a14: ffc2 4185 | 0344 3bd1 | 0f8c 2bff | ffff 458b | 560c 443b | d20f 837d | 1400 004d | 8bd8 4b8d 
  0x0000022414667a34: 7490 1044 | 8b16 4c3b | d70f 842c | feff ff41 | 807f 4000 | 0f85 9105 | 0000 4c8b | d74c 8bc7 
  0x0000022414667a54: 4489 064c | 8bde 4d33 | d349 c1ea | 144d 85d2 | 741a 49c1 | eb09 48b9 | 0000 a51b | 2402 0000 
  0x0000022414667a74: 4903 cb80 | 3902 0f85 | 9105 0000 | 41bb 0100 | 0000 e9e9 

  0x0000022414667a88: ;   {metadata('com/android/tools/r8/internal/on1')}
  0x0000022414667a88: fdff ff41 | 81fb 8f84 | 1b20 0f85 | ee1b 0000 | 4c8b d341 | 0fb6 6a0c | 83f5 01e9 | a0f4 ffff 
  0x0000022414667aa8: ;   {metadata('com/android/tools/r8/internal/on1')}
  0x0000022414667aa8: 4181 fb8f | 841b 200f | 8523 1c00 | 0048 8bcb | eb1a 660f | 1f44 0000 | 41bb 0100 | 0000 4585 
  0x0000022414667ac8: db0f 8496 | f8ff ff48 | 8b4c 2420 | 0fb6 690c | 85ed 0f85 | 281b 0000 | c641 0c01 | 448b 5110 
  0x0000022414667ae8: ; implicit exception: dispatches to 0x0000022414669b30
  0x0000022414667ae8: 458b 4208 

  0x0000022414667aec: ;   {metadata('com/android/tools/r8/internal/kd')}
  0x0000022414667aec: 4d8b ca41 | 81f8 7787 | 2020 0f85 | 941e 0000 | 458b 5934 

  0x0000022414667b00: ; implicit exception: dispatches to 0x0000022414669b5c
  0x0000022414667b00: 458b 5318 | 4889 4c24 | 204c 894c | 2450 4889 | 5c24 4049 | 8bd2 6666 | 9048 b858 | 1f03 0101 
  0x0000022414667b20: ;   {virtual_call}
  0x0000022414667b20: 0000 00e8 

  0x0000022414667b24: ; ImmutableOopMap {[32]=Oop [48]=Oop [64]=Oop [72]=Oop [80]=Oop [88]=Oop }
                      ;*invokevirtual l0 {reexecute=0 rethrow=0 return_oop=1}
                      ; - com.android.tools.r8.internal.kd::h@61 (line 3)
                      ; - com.android.tools.r8.internal.tn0::<init>@115 (line 18)
  0x0000022414667b24: f8c7 3700 

  0x0000022414667b28: ;   {other}
  0x0000022414667b28: 0f1f 8400 | 9816 000e | 488b d066 | 9048 b858 | 1f03 0101 

  0x0000022414667b3c: ;   {virtual_call}
  0x0000022414667b3c: 0000 00e8 

  0x0000022414667b40: ; ImmutableOopMap {[32]=Oop [48]=Oop [64]=Oop [72]=Oop [80]=Oop [88]=Oop }
                      ;*invokevirtual a2 {reexecute=0 rethrow=0 return_oop=0}
                      ; - com.android.tools.r8.internal.tn0::<init>@118 (line 18)
  0x0000022414667b40: 5c68 e3ff 

  0x0000022414667b44: ;   {other}
  0x0000022414667b44: 0f1f 8400 | b416 000f | 4d8b 9758 

  0x0000022414667b50: ; ImmutableOopMap {[32]=Oop [48]=Oop [64]=Oop [72]=Oop [80]=Oop [88]=Oop }
                      ;*ifeq {reexecute=1 rethrow=0 return_oop=0}
                      ; - (reexecute) com.android.tools.r8.internal.tn0::<init>@121 (line 18)
                      ;   {poll}
  0x0000022414667b50: 0400 0041 | 8502 85c0 | 7532 488b | 5c24 4044 

  0x0000022414667b60: ;   {metadata('com/android/tools/r8/internal/pn1')}
  0x0000022414667b60: 8b53 0841 | 81fa 4e33 | 1b20 0f85 | 1c03 0000 | 4c8b d345 | 8b5a 1045 | 8b42 0c45 | 3bd8 0f8c 
  0x0000022414667b80: 3cff ffff | 4533 dbe9 | 3aff ffff | 4c8b 5424 | 4845 8b5a | 1c45 8b53 | 2845 8b42 | 0849 8bf2 
  0x0000022414667ba0: ;   {metadata('java/util/ArrayList')}
  0x0000022414667ba0: 4181 f8c2 | af00 200f | 8513 1700 | 008b 5e14 | ff46 0c44 | 8b5b 0c44 | 8b56 1045 | 8d6a 0145 
  0x0000022414667bc0: 3bd3 0f85 | 5802 0000 | 4585 db0f | 86bd 0000 | 0041 8bea | 412b eb45 | 8bc3 41d1 | f8ff c544 
  0x0000022414667be0: 3bc5 440f | 4cc5 4503 | c345 8d48 | ff41 81f9 | f7ff ff7f | 0f83 fe1c | 0000 4489 | 6c24 6044 
  0x0000022414667c00: 8954 2438 | 4889 7424 | 2848 8b6c | 2448 488b 

  0x0000022414667c10: ;   {static_call}
  0x0000022414667c10: d366 90e8 

  0x0000022414667c14: ; ImmutableOopMap {rbp=Oop [32]=Oop [40]=Oop [48]=Oop [64]=Oop [80]=Oop [88]=Oop }
                      ;*invokestatic copyOf {reexecute=0 rethrow=0 return_oop=1}
                      ; - java.util.ArrayList::grow@37
                      ; - java.util.ArrayList::grow@7
                      ; - java.util.ArrayList::add@7
                      ; - java.util.ArrayList::add@20
                      ; - com.android.tools.r8.internal.tn0::<init>@133 (line 19)
  0x0000022414667c14: 6874 41ff 

  0x0000022414667c18: ;   {other}
  0x0000022414667c18: 0f1f 8400 | 8817 0011 | 488b d841 | 807f 4000 | 0f85 1315 | 0000 488b | 7424 284c | 8bd6 4c8b 
  0x0000022414667c38: c34d 8bd8 | 4d33 da4d | 8bc8 4489 | 4e14 49c1 | eb14 4d85 | db74 1f4d | 85c0 741a | 49c1 ea09 
  0x0000022414667c58: 48b9 0000 | a51b 2402 | 0000 4903 | ca80 3902 | 0f85 0b15 | 0000 4d85 | c00f 843d | 1a00 0048 
  0x0000022414667c78: 896c 2448 | 448b 5424 | 3844 8b6c | 2460 498b | d8e9 9201 

  0x0000022414667c8c: ;   {oop(a 'java/lang/Object'[0] {0x0000000080816350})}
  0x0000022414667c8c: 0000 81fb | 5063 8180 | 0f85 37ff | ffff 41bb | 0a00 0000 | 453b dd41 | b80a 0000 | 0045 0f4c 
  0x0000022414667cac: c541 81f8 | 0000 0400 | 0f87 a21b | 0000 4d63 | d841 81f8 | 0000 0400 | 0f87 6715 | 0000 498b 
  0x0000022414667ccc: 9fb8 0100 | 004a 8d0c | 9d17 0000 | 004c 8bd9 | 4983 e3f8 | 4c8b cb4d | 03cb 4d3b | 8fc8 0100 
  0x0000022414667cec: 000f 833e | 1500 004d | 898f b801 | 0000 410f | 1881 0001 | 0000 48c7 | 0301 0000 | 0041 0f18 
  0x0000022414667d0c: 8140 0100 

  0x0000022414667d10: ;   {metadata('java/lang/Object'[])}
  0x0000022414667d10: 00c7 4308 | 95b8 0020 | 4489 430c | 410f 1881 | 8001 0000 | 488b fb48 | 83c7 1048 | c1e9 0348 
  0x0000022414667d30: 83c1 fe48 | 33c0 4883 | f908 7f10 | 48ff c978 | 4f48 8904 | cf48 ffc9 | 7df7 eb44 | c5fd efc0 
  0x0000022414667d50: e90d 0000 | 00c5 fe7f | 07c5 fe7f | 4720 4883 | c740 4883 | e908 7ded | 4883 c104 | 7c0c c5fe 
  0x0000022414667d70: 7f07 4883 | c720 4883 | e904 4883 | c104 7e10 | 48ff c9c5 | f9d6 0748 | 83c7 0848 | ffc9 7df3 
  0x0000022414667d90: 4180 7f40 | 000f 8518 | 1200 004c | 8bdb 4c8b | cb44 894e | 144c 8bc6 | 4d33 d849 | c1eb 144d 
  0x0000022414667db0: 85db 746c | 49c1 e809 | 48b9 0000 | a51b 2402 | 0000 4903 | c880 3902 | 7456 4d8b | 5f58 4d8b 
  0x0000022414667dd0: 4748 f083 | 4424 c000 | 8039 0074 | 4344 8821 | 4d85 c075 | 2c4c 8bf3 | 418b ed45 | 8bea 498b 
  0x0000022414667df0: d749 bae0 | 2996 fbfd | 7f00 0041 

  0x0000022414667dfc: ;   {other}
  0x0000022414667dfc: ffd2 0f1f | 8400 0000 | 0000 458b | d544 8bed | 498b deeb | 0f4b 894c | 03f8 4983 | c0f8 4d89 
  0x0000022414667e1c: 4748 eb00 | 448b 5b0c | 453b d30f | 839b 1800 | 0044 8b5b 

  0x0000022414667e30: ;   {metadata('java/lang/Object'[])}
  0x0000022414667e30: 0841 81fb | 95b8 0020 | 0f85 9218 | 0000 4a8d | 6c93 1041 | 807f 4000 | 0f85 7a0d | 0000 4c8b 
  0x0000022414667e50: 5c24 504d | 8bd3 4489 | 5d00 4c8b | dd4d 33d3 | 49c1 ea14 | 4d85 d274 | 1a49 c1eb | 0948 b900 
  0x0000022414667e70: 00a5 1b24 | 0200 0049 | 03cb 8039 | 020f 8578 | 0d00 0044 | 896e 10e9 | cefc ffff 

  0x0000022414667e8c: ;   {metadata('com/android/tools/r8/internal/on1')}
  0x0000022414667e8c: 4181 fa8f | 841b 200f | 85ab 1400 | 004c 8bd3 | 450f b65a | 0c41 83f3 | 01e9 1cfc | ffff 4c8b 
  0x0000022414667eac: 5424 5845 

  0x0000022414667eb0: ;   {metadata('com/android/tools/r8/internal/tz3')}
  0x0000022414667eb0: 8b52 0841 | 81fa ac2e | 1b20 0f85 | 2c09 0000 | 448b 5c24 | 3841 83fb | ff0f 8595 | 1900 0085 
  0x0000022414667ed0: c00f 8c17 | 1900 0044 | 8bc8 4d63 | d14a 8d0c | 9517 0000 | 0041 81f9 | 0000 0400 | 0f87 db12 
  0x0000022414667ef0: 0000 498b | 9fb8 0100 | 004c 8bd1 | 4983 e2f8 | 4c8b db4d | 03da 4d3b | 9fc8 0100 | 000f 83ba 
  0x0000022414667f10: 1200 004d | 899f b801 | 0000 410f | 1883 0001 | 0000 48c7 | 0301 0000 | 0041 0f18 | 8340 0100 
  0x0000022414667f30: ;   {metadata('com/android/tools/r8/internal/kd'[])}
  0x0000022414667f30: 00c7 4308 | bb17 2120 | 4489 4b0c | 410f 1883 | 8001 0000 | 448b 5c24 | 3c45 3bd9 | 458b d345 
  0x0000022414667f50: 0f4f d148 | 8bd3 4883 | c210 48c1 | e903 4585 | d20f 841e | 1800 004c | 8b5c 2440 | 498b f348 
  0x0000022414667f70: 83c6 104d | 63c2 453b | d10f 8c96 | 0d00 0048 | 8bce 49ba | 809a a613 | 2402 0000 

  0x0000022414667f8c: ;   {other}
  0x0000022414667f8c: 41ff d20f | 1f84 0000 | 0000 0048 | 895c 2440 | e92a f5ff 

  0x0000022414667fa0: ;   {oop(a 'com/android/tools/r8/internal/pn1'{0x000000008f0bfb58})}
  0x0000022414667fa0: ff48 bb58 | fb0b 8f00 | 0000 00e9 | 6eef ffff | 33ed e991 | efff ff8b | d841 3bc3 | 0f83 6618 
  0x0000022414667fc0: 0000 4180 | 7f40 000f | 85af 0f00 | 004c 8bc5 | 4589 6498 | 104c 8944 | 2440 e9ec | f4ff ff44 
  0x0000022414667fe0: 8b16 4585 | d20f 8463 | faff ff4d | 8b5f 2849 | 8bca 4d85 | db0f 8429 | 1100 004d | 8b57 384b 
  0x0000022414668000: 894c 1af8 | 4983 c3f8 | 4d89 5f28 | e93d faff | ff4d 8b57 | 584d 8b5f | 48f0 8344 | 24c0 0080 
  0x0000022414668020: 3900 0f84 | 58fa ffff | 4488 214d | 85db 751d | 498b d749 | bae0 2996 | fbfd 7f00 | 0041 ffd2 
  0x0000022414668040: ;   {other}
  0x0000022414668040: 0f1f 8400 | 0000 0000 | e933 faff | ff4b 894c | 1af8 4983 | c3f8 4d89 | 5f48 e921 | faff ff44 
  0x0000022414668060: 8b55 0045 | 85d2 0f84 | 9bf2 ffff | 4d8b 5f28 | 498b ca4d | 85db 0f84 | 7e13 0000 | 4d8b 5738 
  0x0000022414668080: 4b89 4c1a | f849 83c3 | f84d 895f | 28e9 75f2 | ffff 4d8b | 5758 4d8b | 5f48 f083 | 4424 c000 
  0x00000224146680a0: 8039 000f | 8496 f2ff | ff44 8821 | 4d85 db75 | 1d49 8bd7 | 49ba e029 | 96fb fd7f | 0000 41ff 
  0x00000224146680c0: ;   {other}
  0x00000224146680c0: d20f 1f84 | 0000 0000 | 00e9 71f2 | ffff 4b89 | 4c1a f849 | 83c3 f84d | 895f 48e9 | 5ff2 ffff 
  0x00000224146680e0: 448b 5b38 | 4585 db0f | 84ec eaff | ff4d 8b57 | 2849 8bcb | 4d85 d20f | 8466 1300 | 004d 8b5f 
  0x0000022414668100: 384b 894c | 13f8 4983 | c2f8 4d89 | 5728 e9c6 | eaff ff44 | 8b5b 3445 | 85db 0f84 | 2cea ffff 
  0x0000022414668120: 4d8b 5728 | 498b cb4d | 85d2 0f84 | 1013 0000 | 4d8b 5f38 | 4b89 4c13 | f849 83c2 | f84d 8957 
  0x0000022414668140: 28e9 06ea | ffff 448b | 5b44 4585 | db0f 84f6 | ebff ff4d | 8b57 2849 | 8bcb 4d85 | d20f 8440 
  0x0000022414668160: 1300 004d | 8b5f 384b | 894c 13f8 | 4983 c2f8 | 4d89 5728 | e9d0 ebff | ff4c 8b54 | 2448 458b 
  0x0000022414668180: 5a1c 4585 | db0f 8401 | ecff ff4d | 8b57 2849 | 8bcb 4d85 | d20f 84eb | 1200 004d | 8b5f 384b 
  0x00000224146681a0: 894c 13f8 | 4983 c2f8 | 4d89 5728 | e9db ebff | ff44 8b5b | 3c45 85db | 0f84 b2ea | ffff 4d8b 
  0x00000224146681c0: ;   {no_reloc}
  0x00000224146681c0: 5728 498b | cb4d 85d2 | 0f84 1513 | 0000 4d8b | 5f38 4b89 | 4c13 f849 | 83c2 f84d | 8957 28e9 
  0x00000224146681e0: 8cea ffff | 448b 5b40 | 4585 db0f | 841a ebff | ff4d 8b57 | 2849 8bcb | 4d85 d20f | 8405 1300 
  0x0000022414668200: 004d 8b5f | 384b 894c | 13f8 4983 | c2f8 4d89 | 5728 e9f4 | eaff ff44 | 8b53 3045 | 85d2 0f84 
  0x0000022414668220: 9ee8 ffff | 4d8b 5f28 | 498b ca4d | 85db 0f84 | 8c12 0000 | 4d8b 5738 | 4b89 4c1a | f849 83c3 
  0x0000022414668240: f84d 895f | 28e9 78e8 | ffff 448b | 5328 4585 | d20f 8422 | e8ff ff4d | 8b5f 2849 | 8bca 4d85 
  0x0000022414668260: db0f 84b6 | 1100 004d | 8b57 384b | 894c 1af8 | 4983 c3f8 | 4d89 5f28 | e9fc e7ff | ff44 8b5b 
  0x0000022414668280: 2c45 85db | 0f84 2de8 | ffff 4d8b | 5728 498b | cb4d 85d2 | 0f84 8f12 | 0000 4d8b | 5f38 4b89 
  0x00000224146682a0: 4c13 f849 | 83c2 f84d | 8957 28e9 | 07e8 ffff | 4c8b 5424 | 4845 8b5a | 1445 85db 

  0x00000224146682bc: ;   {no_reloc}
  0x00000224146682bc: 0f84 4ff2 | ffff 4d8b | 5728 498b | cb4d 85d2 | 0f84 7a12 | 0000 4d8b | 5f38 4b89 | 4c13 f849 
  0x00000224146682dc: 83c2 f84d | 8957 28e9 | 29f2 ffff | 448b 1b45 | 85db 0f84 | 81f2 ffff | 4d8b 5728 | 498b cb4d 
  0x00000224146682fc: 85d2 0f84 | 6512 0000 | 4d8b 5f38 | 4b89 4c13 | f849 83c2 | f84d 8957 | 28e9 5bf2 | ffff 4d8b 
  0x000002241466831c: 5748 4d8b | 5f58 f083 | 4424 c000 | 8039 000f | 844e e8ff | ff44 8821 | 4d85 d275 | 1d49 8bd7 
  0x000002241466833c: 49ba e029 | 96fb fd7f | 0000 41ff 

  0x0000022414668348: ;   {other}
  0x0000022414668348: d20f 1f84 | 0000 0000 | 00e9 29e8 | ffff 4b89 | 4c13 f849 | 83c2 f84d | 8957 48e9 | 17e8 ffff 
  0x0000022414668368: 4d8b 5758 | 4d8b 5f48 | f083 4424 | c000 8039 | 000f 842d | e7ff ff44 | 8821 4d85 | db75 2344 
  0x0000022414668388: 8bf7 498b | d749 bae0 | 2996 fbfd | 7f00 0041 

  0x0000022414668398: ;   {other}
  0x0000022414668398: ffd2 0f1f | 8400 0000 | 0000 418b | fee9 02e7 | ffff 4b89 | 4c1a f849 | 83c3 f84d | 895f 48e9 
  0x00000224146683b8: f0e6 ffff | 4d8b 5748 | 4d8b 5f58 | f083 4424 | c000 8039 | 000f 84d0 | e8ff ff44 | 8821 4d85 
  0x00000224146683d8: d275 1d49 | 8bd7 49ba | e029 96fb | fd7f 0000 

  0x00000224146683e8: ;   {other}
  0x00000224146683e8: 41ff d20f | 1f84 0000 | 0000 00e9 | abe8 ffff | 4b89 4c13 | f849 83c2 | f84d 8957 | 48e9 99e8 
  0x0000022414668408: ffff 4d8b | 5748 4d8b | 5f58 f083 | 4424 c000 | 8039 000f | 84d8 e6ff | ff44 8821 | 4d85 d275 
  0x0000022414668428: 1d49 8bd7 | 49ba e029 | 96fb fd7f | 0000 41ff 

  0x0000022414668438: ;   {other}
  0x0000022414668438: d20f 1f84 | 0000 0000 | 00e9 b3e6 | ffff 4b89 | 4c13 f849 | 83c2 f84d | 8957 48e9 | a1e6 ffff 
  0x0000022414668458: 4d8b 5748 | 4d8b 5f58 | f083 4424 | c000 8039 | 000f 84cf | e8ff ff44 | 8821 4d85 | d275 1d49 
  0x0000022414668478: 8bd7 49ba | e029 96fb | fd7f 0000 

  0x0000022414668484: ;   {other}
  0x0000022414668484: 41ff d20f | 1f84 0000 | 0000 00e9 | aae8 ffff | 4b89 4c13 | f849 83c2 | f84d 8957 | 48e9 98e8 
  0x00000224146684a4: ffff 4d8b | 5748 4d8b | 5f58 f083 | 4424 c000 | 8039 000f | 844f e7ff | ff44 8821 | 4d85 d275 
  0x00000224146684c4: 1d49 8bd7 | 49ba e029 | 96fb fd7f | 0000 41ff 

  0x00000224146684d4: ;   {other}
  0x00000224146684d4: d20f 1f84 | 0000 0000 | 00e9 2ae7 | ffff 4b89 | 4c13 f849 | 83c2 f84d | 8957 48e9 | 18e7 ffff 
  0x00000224146684f4: 4d8b 5748 | 4d8b 5f58 | f083 4424 | c000 8039 | 000f 84b8 | e8ff ff44 | 8821 4d85 | d275 1d49 
  0x0000022414668514: 8bd7 49ba | e029 96fb | fd7f 0000 

  0x0000022414668520: ;   {other}
  0x0000022414668520: 41ff d20f | 1f84 0000 | 0000 00e9 | 93e8 ffff | 4b89 4c13 | f849 83c2 | f84d 8957 | 48e9 81e8 
  0x0000022414668540: ffff 4d8b | 5758 4d8b | 5f48 f083 | 4424 c000 | 8039 000f | 84cb e4ff | ff44 8821 | 4d85 db75 
  0x0000022414668560: 2344 8bef | 498b d749 | bae0 2996 | fbfd 7f00 | 0041 ffd2 

  0x0000022414668574: ;   {other}
  0x0000022414668574: 0f1f 8400 | 0000 0000 | 418b fde9 | a0e4 ffff | 4b89 4c1a | f849 83c3 | f84d 895f | 48e9 8ee4 
  0x0000022414668594: ffff 4c8b | 5424 4845 | 8b52 1845 | 85d2 0f84 | edf1 ffff | 4d8b 5f28 | 498b ca4d | 85db 0f84 
  0x00000224146685b4: ce0f 0000 | 4d8b 5738 | 4b89 4c1a | f849 83c3 | f84d 895f | 28e9 c7f1 | ffff 448b | 1345 85d2 
  0x00000224146685d4: 0f84 0df2 | ffff 4d8b | 5f28 498b | ca4d 85db | 0f84 b90f | 0000 4d8b | 5738 4b89 | 4c1a f849 
  0x00000224146685f4: 83c3 f84d | 895f 28e9 | e7f1 ffff | 4d8b 5748 | 4d8b 5f58 | f083 4424 | c000 8039 | 000f 8437 
  0x0000022414668614: efff ff44 | 8821 4d85 | d275 1d49 | 8bd7 49ba | e029 96fb | fd7f 0000 

  0x000002241466862c: ;   {other}
  0x000002241466862c: 41ff d20f | 1f84 0000 | 0000 00e9 | 12ef ffff | 4b89 4c13 | f849 83c2 | f84d 8957 | 48e9 00ef 
  0x000002241466864c: ffff 4d8b | 5748 4d8b | 5f58 f083 | 4424 c000 | 8039 000f | 841c e7ff | ff44 8821 | 4d85 d275 
  0x000002241466866c: 1d49 8bd7 | 49ba e029 | 96fb fd7f | 0000 41ff 

  0x000002241466867c: ;   {other}
  0x000002241466867c: d20f 1f84 | 0000 0000 | 00e9 f7e6 | ffff 4b89 | 4c13 f849 | 83c2 f84d | 8957 48e9 | e5e6 ffff 
  0x000002241466869c: 4d8b 5758 | 4d8b 5f48 | f083 4424 | c000 8039 | 000f 8417 | f1ff ff44 | 8821 4d85 | db75 1d49 
  0x00000224146686bc: 8bd7 49ba | e029 96fb | fd7f 0000 

  0x00000224146686c8: ;   {other}
  0x00000224146686c8: 41ff d20f | 1f84 0000 | 0000 00e9 | f2f0 ffff | 4b89 4c1a | f849 83c3 | f84d 895f | 48e9 e0f0 
  0x00000224146686e8: ffff 4d8b | 5748 4d8b | 5f58 f083 | 4424 c000 | 8039 000f | 84a6 eeff | ff44 8821 | 4d85 d275 
  0x0000022414668708: 1d49 8bd7 | 49ba e029 | 96fb fd7f | 0000 41ff 

  0x0000022414668718: ;   {other}
  0x0000022414668718: d20f 1f84 | 0000 0000 | 00e9 81ee | ffff 4b89 | 4c13 f849 | 83c2 f84d | 8957 48e9 | 6fee ffff 
  0x0000022414668738: 4d8b 5748 | 4d8b 5f58 | f083 4424 | c000 8039 | 000f 84d5 | f0ff ff44 | 8821 4d85 | d275 1d49 
  0x0000022414668758: 8bd7 49ba | e029 96fb | fd7f 0000 

  0x0000022414668764: ;   {other}
  0x0000022414668764: 41ff d20f | 1f84 0000 | 0000 00e9 | b0f0 ffff | 4b89 4c13 | f849 83c2 | f84d 8957 | 48e9 9ef0 
  0x0000022414668784: ffff 448b | 5b14 4585 | db0f 84ca | e6ff ff4d | 8b57 2849 | 8bcb 4d85 | d20f 8499 | 0e00 004d 
  0x00000224146687a4: 8b5f 384b | 894c 13f8 | 4983 c2f8 | 4d89 5728 | e9a4 e6ff | ff44 8b46 | 1445 85c0 | 0f84 8dea 
  0x00000224146687c4: ffff 4d8b | 5f28 498b | c84d 85db | 0f84 830e | 0000 4d8b | 4738 4b89 | 4c18 f849 | 83c3 f84d 
  0x00000224146687e4: 895f 28e9 | 67ea ffff 

  0x00000224146687ec: ;   {metadata('com/android/tools/r8/internal/wi3')}
  0x00000224146687ec: 4181 fa00 | 301b 200f | 8509 1100 | 004c 8b54 | 2458 418b | 6a0c 85ed | 0f84 b6f6 | ffff 4c8b 
  0x000002241466880c: 5424 5845 

  0x0000022414668810: ;   {metadata('com/android/tools/r8/internal/wi3')}
  0x0000022414668810: 8b5a 0841 | 81fb 0030 | 1b20 0f85 | 2c11 0000 | 458b 5a0c 

  0x0000022414668824: ; implicit exception: dispatches to 0x0000022414669cd7
  0x0000022414668824: 458b 430c | 4c8b cd33 | d248 8b7c 

  0x0000022414668830: ;   {static_call}
  0x0000022414668830: 2440 90e8 

  0x0000022414668834: ; ImmutableOopMap {[48]=Oop [72]=Oop }
                      ;*invokestatic a {reexecute=0 rethrow=0 return_oop=1}
                      ; - com.android.tools.r8.internal.s51::toArray@35 (line 8)
                      ; - com.android.tools.r8.internal.tn0::<init>@308 (line 46)
  0x0000022414668834: 4868 41ff 

  0x0000022414668838: ;   {other}
  0x0000022414668838: 0f1f 8400 | a823 0012 | 488b d848 | 85c0 0f85 | a9ec ffff | baf4 ffff 

  0x0000022414668850: ;   {runtime_call UncommonTrapBlob}
  0x0000022414668850: ff66 90e8 

  0x0000022414668854: ; ImmutableOopMap {[48]=Oop [72]=Oop }
                      ;*checkcast {reexecute=0 rethrow=0 return_oop=0}
                      ; - com.android.tools.r8.internal.tn0::<init>@311 (line 46)
  0x0000022414668854: a8ba 41ff 

  0x0000022414668858: ;   {other}
  0x0000022414668858: 0f1f 8400 | c823 0013 

  0x0000022414668860: ;   {metadata('com/android/tools/r8/internal/kd')}
  0x0000022414668860: 48ba b83b | 0401 0100 | 0000 488b 

  0x000002241466886c: ;   {runtime_call _new_instance_Java}
  0x000002241466886c: 6c24 48e8 

  0x0000022414668870: ; ImmutableOopMap {rbp=Oop [48]=Oop [72]=Oop }
                      ;*new {reexecute=0 rethrow=0 return_oop=1}
                      ; - com.android.tools.r8.internal.tn0::<init>@65 (line 11)
  0x0000022414668870: 0c62 4dff 

  0x0000022414668874: ;   {other}
  0x0000022414668874: 0f1f 8400 | e423 0014 | 488b d8e9 | 05e1 ffff | 89bc 24b0 | 0000 004c | 8b94 24c8 | 0000 004c 
  0x0000022414668894: 8994 24a8 | 0000 0089 | 7424 3848 | 895c 2428 | 4c8b 5424 | 304c 8954 | 2420 488b 

  0x00000224146688b0: ;   {metadata('com/android/tools/r8/internal/wa1')}
  0x00000224146688b0: 6c24 4848 | ba00 6804 | 0101 0000 

  0x00000224146688bc: ;   {runtime_call _new_instance_Java}
  0x00000224146688bc: 0066 90e8 

  0x00000224146688c0: ; ImmutableOopMap {rbp=Oop [32]=Oop [40]=Oop [56]=NarrowOop [168]=Oop [176]=NarrowOop [200]=Oop }
                      ;*new {reexecute=0 rethrow=0 return_oop=1}
                      ; - com.android.tools.r8.internal.kd::<init>@44 (line 11)
                      ; - com.android.tools.r8.internal.tn0::<init>@74 (line 13)
  0x00000224146688c0: bc61 4dff 

  0x00000224146688c4: ;   {other}
  0x00000224146688c4: 0f1f 8400 | 3424 0015 | 4889 6c24 | 484c 8b5c | 2420 4c89 | 5c24 3048 | 8b5c 2428 | 8b74 2438 
  0x00000224146688e4: 488b e88b | bc24 b000 | 0000 e94b | e2ff ff89 | bc24 8000 | 0000 4c8b | 9424 c800 | 0000 4c89 
  0x0000022414668904: 5424 7889 | 7424 3848 | 895c 2428 | 4c8b 5424 | 304c 8954 | 2420 488b 

  0x000002241466891c: ;   {metadata('java/util/HashMap')}
  0x000002241466891c: 6c24 4848 | ba60 6506 | 0001 0000 

  0x0000022414668928: ;   {runtime_call _new_instance_Java}
  0x0000022414668928: 0066 90e8 

  0x000002241466892c: ; ImmutableOopMap {rbp=Oop [32]=Oop [40]=Oop [56]=NarrowOop [120]=Oop [128]=NarrowOop [200]=Oop }
                      ;*new {reexecute=0 rethrow=0 return_oop=1}
                      ; - com.android.tools.r8.internal.kd::<init>@77 (line 28)
                      ; - com.android.tools.r8.internal.tn0::<init>@74 (line 13)
  0x000002241466892c: 5061 4dff 

  0x0000022414668930: ;   {other}
  0x0000022414668930: 0f1f 8400 | a024 0016 | 4889 6c24 | 484c 8b5c | 2420 4c89 | 5c24 3048 | 8b5c 2428 | 8b74 2438 
  0x0000022414668950: 488b e88b | bc24 8000 | 0000 e9fe | e2ff ff89 | 7c24 604c | 8b94 24c8 | 0000 004c | 8954 2458 
  0x0000022414668970: 8974 2438 | 4889 5c24 | 284c 8b54 | 2430 4c89 | 5424 2048 | 8b6c 2448 

  0x0000022414668988: ;   {metadata('java/util/HashMap')}
  0x0000022414668988: 48ba 6065 | 0600 0100 

  0x0000022414668990: ;   {runtime_call _new_instance_Java}
  0x0000022414668990: 0000 90e8 

  0x0000022414668994: ; ImmutableOopMap {rbp=Oop [32]=Oop [40]=Oop [56]=NarrowOop [88]=Oop [96]=NarrowOop [200]=Oop }
                      ;*new {reexecute=0 rethrow=0 return_oop=1}
                      ; - com.android.tools.r8.internal.kd::<init>@99 (line 36)
                      ; - com.android.tools.r8.internal.tn0::<init>@74 (line 13)
  0x0000022414668994: e860 4dff 

  0x0000022414668998: ;   {other}
  0x0000022414668998: 0f1f 8400 | 0825 0017 | 4889 6c24 | 484c 8b5c | 2420 4c89 | 5c24 3048 | 8b5c 2428 | 8b74 2438 
  0x00000224146689b8: 488b e88b | 7c24 60e9 | 34e3 ffff | 89bc 2498 | 0000 004c | 8b94 24c8 | 0000 004c | 8994 2490 
  0x00000224146689d8: 0000 0089 | 7424 3848 | 895c 2428 | 4c8b 5424 | 304c 8954 | 2420 488b 

  0x00000224146689f0: ;   {metadata('java/util/ArrayList')}
  0x00000224146689f0: 6c24 4848 | ba10 7e05 | 0001 0000 

  0x00000224146689fc: ;   {runtime_call _new_instance_Java}
  0x00000224146689fc: 0066 90e8 

  0x0000022414668a00: ; ImmutableOopMap {rbp=Oop [32]=Oop [40]=Oop [56]=NarrowOop [144]=Oop [152]=NarrowOop [200]=Oop }
                      ;*new {reexecute=0 rethrow=0 return_oop=1}
                      ; - com.android.tools.r8.internal.kd::<init>@59 (line 14)
                      ; - com.android.tools.r8.internal.tn0::<init>@74 (line 13)
  0x0000022414668a00: 7c60 4dff 

  0x0000022414668a04: ;   {other}
  0x0000022414668a04: 0f1f 8400 | 7425 0018 | 4889 6c24 | 484c 8b5c | 2420 4c89 | 5c24 3048 | 8b5c 2428 | 8b74 2438 
  0x0000022414668a24: 488b e88b | bc24 9800 | 0000 e994 | e1ff ff89 | bc24 d000 | 0000 8974 | 2438 4889 | 5c24 404c 
  0x0000022414668a44: 8b54 2430 | 4c89 5424 | 284c 8b54 | 2448 4c89 

  0x0000022414668a54: ;   {metadata('java/util/ArrayList')}
  0x0000022414668a54: 5424 2048 | ba10 7e05 | 0001 0000 

  0x0000022414668a60: ;   {runtime_call _new_instance_Java}
  0x0000022414668a60: 0066 90e8 

  0x0000022414668a64: ; ImmutableOopMap {rbp=Oop [32]=Oop [40]=Oop [56]=NarrowOop [64]=Oop [200]=Oop [208]=NarrowOop }
                      ;*new {reexecute=0 rethrow=0 return_oop=1}
                      ; - com.android.tools.r8.internal.kd::<init>@24 (line 3)
                      ; - com.android.tools.r8.internal.tn0::<init>@74 (line 13)
  0x0000022414668a64: 1860 4dff 

  0x0000022414668a68: ;   {other}
  0x0000022414668a68: 0f1f 8400 | d825 0019 | 4c8b 5c24 | 204c 895c | 2448 4c8b | 5c24 284c | 895c 2430 | 488b 5c24 
  0x0000022414668a88: 408b 7424 | 384c 8be8 | 8bbc 24d0 | 0000 00e9 | cadf ffff | 8974 2438 | 4889 5c24 | 284c 8b54 
  0x0000022414668aa8: 2430 4c89 | 5424 2048 | 8b6c 2448 

  0x0000022414668ab4: ;   {metadata('java/util/ArrayList')}
  0x0000022414668ab4: 48ba 107e | 0500 0100 

  0x0000022414668abc: ;   {runtime_call _new_instance_Java}
  0x0000022414668abc: 0000 90e8 

  0x0000022414668ac0: ; ImmutableOopMap {rbp=Oop [32]=Oop [40]=Oop [56]=NarrowOop [200]=Oop }
                      ;*new {reexecute=0 rethrow=0 return_oop=1}
                      ; - com.android.tools.r8.internal.kd::<init>@14 (line 2)
                      ; - com.android.tools.r8.internal.tn0::<init>@74 (line 13)
  0x0000022414668ac0: bc5f 4dff 

  0x0000022414668ac4: ;   {other}
  0x0000022414668ac4: 0f1f 8400 | 3426 001a | 4889 6c24 | 484c 8b54 | 2420 4c89 | 5424 3048 | 8b5c 2428 | 8b74 2438 
  0x0000022414668ae4: e9f4 deff 

  0x0000022414668ae8: ;   {metadata('com/android/tools/r8/internal/kd'[])}
  0x0000022414668ae8: ff48 bad8 | bd08 0101 | 0000 0044 | 8b44 243c 

  0x0000022414668af8: ;   {runtime_call _new_array_Java}
  0x0000022414668af8: 6666 90e8 

  0x0000022414668afc: ; ImmutableOopMap {[48]=Oop [72]=Oop [88]=Oop }
                      ;*anewarray {reexecute=0 rethrow=0 return_oop=1}
                      ; - com.android.tools.r8.internal.tn0::<init>@305 (line 46)
  0x0000022414668afc: 8062 4dff 

  0x0000022414668b00: ;   {other}
  0x0000022414668b00: 0f1f 8400 | 7026 001b | 488b e8e9 | 81e9 ffff | 448b 5424 | 2849 8bea 

  0x0000022414668b18: ;   {metadata('com/android/tools/r8/internal/kd'[])}
  0x0000022414668b18: 48ba d8bd | 0801 0100 | 0000 448b 

  0x0000022414668b24: ;   {runtime_call _new_array_Java}
  0x0000022414668b24: 4424 2ce8 

  0x0000022414668b28: ; ImmutableOopMap {rbp=Oop [40]=NarrowOop [48]=Oop [72]=Oop }
                      ;*anewarray {reexecute=0 rethrow=0 return_oop=1}
                      ; - com.android.tools.r8.internal.tn0::<init>@362 (line 51)
  0x0000022414668b28: 5462 4dff 

  0x0000022414668b2c: ;   {other}
  0x0000022414668b2c: 0f1f 8400 | 9c26 001c | 488b d8e9 | 4eec ffff | 488b 7424 | 2844 8b56 | 1445 85d2 | 0f84 a9e5 
  0x0000022414668b4c: ffff 4d8b | 5f28 498b | ca4d 85db | 0f84 a60b | 0000 4d8b | 5738 4b89 | 4c1a f849 | 83c3 f84d 
  0x0000022414668b6c: 895f 28e9 | 83e5 ffff | 4d8b 5758 | 4d8b 5f48 | f083 4424 | c000 8039 | 000f 84a7 | e5ff ff44 
  0x0000022414668b8c: 8821 4d85 | db75 2349 | 8bf9 498b | d749 bae0 | 2996 fbfd | 7f00 0041 

  0x0000022414668ba4: ;   {other}
  0x0000022414668ba4: ffd2 0f1f | 8400 0000 | 0000 4c8b | cfe9 7ce5 | ffff 4b89 | 4c1a f849 | 83c3 f84d | 895f 48e9 
  0x0000022414668bc4: 6ae5 ffff | 448b 5d00 | 4585 db0f | 8479 f2ff | ff4d 8b57 | 2849 8bcb | 4d85 d20f | 8483 0b00 
  0x0000022414668be4: 004d 8b5f | 384b 894c | 13f8 4983 | c2f8 4d89 | 5728 e953 | f2ff ff4d | 8b57 584d | 8b5f 48f0 
  0x0000022414668c04: 8344 24c0 | 0080 3900 | 0f84 71f2 | ffff 4488 | 214d 85db | 751d 498b | d749 bae0 | 2996 fbfd 
  0x0000022414668c24: 7f00 0041 

  0x0000022414668c28: ;   {other}
  0x0000022414668c28: ffd2 0f1f | 8400 0000 | 0000 e94c | f2ff ff4b | 894c 1af8 | 4983 c3f8 | 4d89 5f48 | e93a f2ff 
  0x0000022414668c48: ;   {metadata('com/android/tools/r8/internal/on1')}
  0x0000022414668c48: ff48 ba78 | 24dc 0001 | 0000 004c | 8944 2440 

  0x0000022414668c58: ;   {runtime_call _new_instance_Java}
  0x0000022414668c58: 6666 90e8 

  0x0000022414668c5c: ; ImmutableOopMap {rbp=NarrowOop [48]=Oop [64]=Oop [72]=Oop [88]=Oop }
                      ;*new {reexecute=0 rethrow=0 return_oop=1}
                      ; - com.android.tools.r8.internal.tz3::iterator@5 (line 2)
                      ; - com.android.tools.r8.internal.tn0::<init>@87 (line 17)
  0x0000022414668c5c: 205e 4dff 

  0x0000022414668c60: ;   {other}
  0x0000022414668c60: 0f1f 8400 | d027 001d | 488b d8e9 | abe2 ffff | bae4 ffff | ff4c 8b5c | 2448 4c89 | 5c24 204c 
  0x0000022414668c80: 8b5c 2430 | 4c89 5c24 | 28c5 fa11 | 4424 3089 | 5c24 3444 | 8974 2438 | 4889 7c24 | 4044 8954 
  0x0000022414668ca0: 243c 4489 

  0x0000022414668ca4: ;   {runtime_call UncommonTrapBlob}
  0x0000022414668ca4: 4424 48e8 

  0x0000022414668ca8: ; ImmutableOopMap {[32]=Oop [40]=Oop [56]=NarrowOop [64]=Oop [72]=NarrowOop }
                      ;*aaload {reexecute=0 rethrow=0 return_oop=0}
                      ; - com.android.tools.r8.internal.tn0::<init>@566 (line 77)
  0x0000022414668ca8: 54b6 41ff 

  0x0000022414668cac: ;   {other}
  0x0000022414668cac: 0f1f 8400 | 1c28 001e | 4889 7c24 | 5044 8954 | 2440 8974 | 2438 4c8b | 5c24 304c | 895c 2420 
  0x0000022414668ccc: 488b 6c24 

  0x0000022414668cd0: ;   {metadata('com/android/tools/r8/internal/pn1')}
  0x0000022414668cd0: 4848 ba70 | 9ad9 0001 | 0000 004c | 8944 2448 

  0x0000022414668ce0: ;   {runtime_call _new_instance_Java}
  0x0000022414668ce0: 6666 90e8 

  0x0000022414668ce4: ; ImmutableOopMap {rbp=Oop [32]=Oop [56]=NarrowOop [72]=Oop [80]=Oop [88]=Oop }
                      ;*new {reexecute=0 rethrow=0 return_oop=1}
                      ; - com.android.tools.r8.internal.wi3::f@35 (line 5)
                      ; - com.android.tools.r8.internal.c61::iterator@2 (line 1)
                      ; - com.android.tools.r8.internal.tn0::<init>@87 (line 17)
  0x0000022414668ce4: 985d 4dff 

  0x0000022414668ce8: ;   {other}
  0x0000022414668ce8: 0f1f 8400 | 5828 001f | 4889 6c24 | 484c 8b5c | 2420 4c89 | 5c24 3048 | 8bd8 8b74 | 2438 448b 
  0x0000022414668d08: 5424 4048 | 8b7c 2450 | e939 e1ff | ff4e 8d14 | 8510 0000 | 004d 8bda | 49c1 eb03 | 492b cb49 
  0x0000022414668d28: 83e2 fb48 | 8bfb 4903 | fa48 33c0 | 4883 f908 | 7f10 48ff | c978 4f48 | 8904 cf48 | ffc9 7df7 
  0x0000022414668d48: eb44 c5fd | efc0 e90d | 0000 00c5 | fe7f 07c5 | fe7f 4720 | 4883 c740 | 4883 e908 | 7ded 4883 
  0x0000022414668d68: c104 7c0c | c5fe 7f07 | 4883 c720 | 4883 e904 | 4883 c104 | 7e10 48ff | c9c5 f9d6 | 0748 83c7 
  0x0000022414668d88: 0848 ffc9 | 7df3 e9ec | f1ff ff89 | 5c24 6044 | 8954 2438 | 4889 7424 | 2848 8b6c 

  0x0000022414668da4: ;   {metadata('java/lang/Object'[])}
  0x0000022414668da4: 2448 48ba | a8c4 0500 | 0100 0000 

  0x0000022414668db0: ;   {runtime_call _new_array_Java}
  0x0000022414668db0: 6666 90e8 

  0x0000022414668db4: ; ImmutableOopMap {rbp=Oop [32]=Oop [40]=Oop [48]=Oop [64]=Oop [80]=Oop [88]=Oop }
                      ;*anewarray {reexecute=0 rethrow=0 return_oop=1}
                      ; - java.util.ArrayList::grow@52
                      ; - java.util.ArrayList::grow@7
                      ; - java.util.ArrayList::add@7
                      ; - java.util.ArrayList::add@20
                      ; - com.android.tools.r8.internal.tn0::<init>@133 (line 19)
  0x0000022414668db4: c85f 4dff 

  0x0000022414668db8: ;   {other}
  0x0000022414668db8: 0f1f 8400 | 2829 0020 | 4889 6c24 | 4848 8b74 | 2428 448b | 5424 388b | 5c24 604c | 8bc8 e96d 
  0x0000022414668dd8: e4ff ffba | e4ff ffff | 4c8b 5424 | 304c 8954 | 2420 4489 | 5c24 284c | 894c 2430 | 895c 2438 
  0x0000022414668df8: ;   {runtime_call UncommonTrapBlob}
  0x0000022414668df8: 6666 90e8 

  0x0000022414668dfc: ; ImmutableOopMap {[32]=Oop [48]=Oop [72]=Oop }
                      ;*aaload {reexecute=0 rethrow=0 return_oop=0}
                      ; - com.android.tools.r8.internal.tn0::<init>@403 (line 58)
  0x0000022414668dfc: 00b5 41ff 

  0x0000022414668e00: ;   {other}
  0x0000022414668e00: 0f1f 8400 | 7029 0021 | bae4 ffff | ff4c 8b44 | 2430 4c89 | 4424 2044 | 895c 2428 | 895c 242c 
  0x0000022414668e20: 4489 7424 | 304c 8954 | 2438 4489 

  0x0000022414668e2c: ;   {runtime_call UncommonTrapBlob}
  0x0000022414668e2c: 4c24 34e8 

  0x0000022414668e30: ; ImmutableOopMap {[32]=Oop [48]=NarrowOop [56]=Oop [72]=Oop }
                      ;*invokestatic checkIndex {reexecute=0 rethrow=0 return_oop=0}
                      ; - java.util.Objects::checkIndex@3
                      ; - java.util.ArrayList::get@5
                      ; - com.android.tools.r8.internal.tn0::<init>@442 (line 63)
  0x0000022414668e30: ccb4 41ff 

  0x0000022414668e34: ;   {other}
  0x0000022414668e34: 0f1f 8400 | a429 0022 | bae4 ffff | ff4c 8b4c | 2430 4c89 | 4c24 2044 | 895c 2428 | 895c 242c 
  0x0000022414668e54: 4489 7424 | 3048 897c | 2438 4489 | 4424 3444 | 8954 2440 

  0x0000022414668e68: ;   {runtime_call UncommonTrapBlob}
  0x0000022414668e68: 6666 90e8 

  0x0000022414668e6c: ; ImmutableOopMap {[32]=Oop [48]=NarrowOop [52]=NarrowOop [56]=Oop [72]=Oop }
                      ;*aaload {reexecute=0 rethrow=0 return_oop=0}
                      ; - com.android.tools.r8.internal.tn0::<init>@461 (line 64)
  0x0000022414668e6c: 90b4 41ff 

  0x0000022414668e70: ;   {other}
  0x0000022414668e70: 0f1f 8400 | e029 0023 | ba76 ffff | ff4c 8b54 | 2430 4c89 | 5424 2044 | 895c 2428 | 895c 242c 
  0x0000022414668e90: 4489 7424 | 3048 897c | 2438 894c 

  0x0000022414668e9c: ;   {runtime_call UncommonTrapBlob}
  0x0000022414668e9c: 2434 90e8 

  0x0000022414668ea0: ; ImmutableOopMap {[32]=Oop [48]=NarrowOop [56]=Oop [72]=Oop }
                      ;*if_icmpge {reexecute=1 rethrow=0 return_oop=0}
                      ; - (reexecute) com.android.tools.r8.internal.tn0::<init>@494 (line 70)
  0x0000022414668ea0: 5cb4 41ff 

  0x0000022414668ea4: ;   {other}
  0x0000022414668ea4: 0f1f 8400 | 142a 0024 | bae4 ffff | ff4c 8b5c | 2430 4c89 | 5c24 20c5 | fa11 4424 | 2889 5c24 
  0x0000022414668ec4: 2c44 8974 | 2430 4889 | 7c24 3844 | 8944 2434 | 4489 5424 

  0x0000022414668ed8: ;   {runtime_call UncommonTrapBlob}
  0x0000022414668ed8: 4066 90e8 

  0x0000022414668edc: ; ImmutableOopMap {[32]=Oop [48]=NarrowOop [52]=NarrowOop [56]=Oop [72]=Oop }
                      ;*aaload {reexecute=0 rethrow=0 return_oop=0}
                      ; - com.android.tools.r8.internal.tn0::<init>@619 (line 80)
  0x0000022414668edc: 20b4 41ff 

  0x0000022414668ee0: ;   {other}
  0x0000022414668ee0: 0f1f 8400 | 502a 0025 | bade ffff | ff4c 8b54 | 2430 4c89 | 5424 2044 | 895c 2428 | 895c 242c 
  0x0000022414668f00: 4489 7424 | 3044 8944 

  0x0000022414668f08: ;   {runtime_call UncommonTrapBlob}
  0x0000022414668f08: 2434 90e8 

  0x0000022414668f0c: ; ImmutableOopMap {[32]=Oop [48]=NarrowOop [52]=NarrowOop [72]=Oop }
                      ;*invokeinterface get {reexecute=0 rethrow=0 return_oop=0}
                      ; - com.android.tools.r8.internal.tn0::<init>@442 (line 63)
  0x0000022414668f0c: f0b3 41ff 

  0x0000022414668f10: ;   {other}
  0x0000022414668f10: 0f1f 8400 | 802a 0026 | bacc ffff | ff4c 8b44 | 2430 4c89 | 4424 2044 | 895c 2428 | 895c 242c 
  0x0000022414668f30: 4489 7424 | 304c 8954 | 2438 4489 

  0x0000022414668f3c: ;   {runtime_call UncommonTrapBlob}
  0x0000022414668f3c: 4c24 34e8 

  0x0000022414668f40: ; ImmutableOopMap {[32]=Oop [48]=NarrowOop [56]=Oop [72]=Oop }
                      ;*invokestatic checkIndex {reexecute=0 rethrow=0 return_oop=0}
                      ; - java.util.Objects::checkIndex@3
                      ; - java.util.ArrayList::get@5
                      ; - com.android.tools.r8.internal.tn0::<init>@442 (line 63)
  0x0000022414668f40: bcb3 41ff 

  0x0000022414668f44: ;   {other}
  0x0000022414668f44: 0f1f 8400 | b42a 0027 | bae4 ffff | ff4c 8b54 | 2430 4c89 | 5424 2044 | 895c 2428 | 895c 242c 
  0x0000022414668f64: 4489 7424 | 3089 4424 

  0x0000022414668f6c: ;   {runtime_call UncommonTrapBlob}
  0x0000022414668f6c: 3466 90e8 

  0x0000022414668f70: ; ImmutableOopMap {[32]=Oop [48]=NarrowOop [52]=NarrowOop [72]=Oop }
                      ;*aaload {reexecute=0 rethrow=0 return_oop=0}
                      ; - java.util.ArrayList::elementData@5
                      ; - java.util.ArrayList::get@11
                      ; - com.android.tools.r8.internal.tn0::<init>@442 (line 63)
  0x0000022414668f70: 8cb3 41ff 

  0x0000022414668f74: ;   {other}
  0x0000022414668f74: 0f1f 8400 | e42a 0028 | 4c8b c544 | 8b5c 8510 | 4585 db0f | 8443 f0ff | ff4d 8b57 | 2849 8bcb 
  0x0000022414668f94: 4d85 d20f | 84ef 0800 | 004d 8b5f | 384b 894c | 13f8 4983 | c2f8 4d89 | 5728 e91d | f0ff ff44 
  0x0000022414668fb4: 8b5e 1445 | 85db 0f84 | dbed ffff | 4d8b 4728 | 498b cb4d | 85c0 0f84 | dc08 0000 | 4d8b 5f38 
  0x0000022414668fd4: 4b89 4c03 | f849 83c0 | f84d 8947 | 28e9 b5ed | ffff bae4 | ffff ff48 | 8b6c 2448 | 488b 4c24 
  0x0000022414668ff4: 3048 894c | 2420 c5fa | 1144 2428 | 895c 242c | 4489 7424 | 3048 897c | 2438 4489 | 5424 344c 
  0x0000022414669014: 894c 2440 | 4489 4424 | 4844 895c 

  0x0000022414669020: ;   {runtime_call UncommonTrapBlob}
  0x0000022414669020: 244c 90e8 

  0x0000022414669024: ; ImmutableOopMap {rbp=Oop [32]=Oop [48]=NarrowOop [56]=Oop [64]=Oop [72]=NarrowOop }
                      ;*aaload {reexecute=0 rethrow=0 return_oop=0}
                      ; - com.android.tools.r8.internal.tn0::<init>@533 (line 75)
  0x0000022414669024: d8b2 41ff 

  0x0000022414669028: ;   {other}
  0x0000022414669028: 0f1f 8400 | 982b 0029 | 33ed 413b | cb40 0f9c | c5ba 45ff | ffff 4c8b | 5424 304c | 8954 2428 
  0x0000022414669048: 4c89 4424 

  0x000002241466904c: ;   {runtime_call UncommonTrapBlob}
  0x000002241466904c: 3066 90e8 

  0x0000022414669050: ; ImmutableOopMap {[40]=Oop [48]=Oop [72]=Oop [88]=Oop }
                      ;*ifeq {reexecute=1 rethrow=0 return_oop=0}
                      ; - (reexecute) com.android.tools.r8.internal.k0::next@4 (line 1)
                      ; - com.android.tools.r8.internal.tn0::<init>@104 (line 17)
  0x0000022414669050: acb2 41ff 

  0x0000022414669054: ;   {other}
  0x0000022414669054: 0f1f 8400 | c42b 002a | bae4 ffff | ff4c 8b54 | 2430 4c89 | 5424 284c | 8944 2430 | 894c 2438 
  0x0000022414669074: ;   {runtime_call UncommonTrapBlob}
  0x0000022414669074: 6666 90e8 

  0x0000022414669078: ; ImmutableOopMap {rbp=NarrowOop [40]=Oop [48]=Oop [72]=Oop [88]=Oop }
                      ;*aaload {reexecute=0 rethrow=0 return_oop=0}
                      ; - com.android.tools.r8.internal.pn1::a@5 (line 1)
                      ; - com.android.tools.r8.internal.k0::next@21 (line 4)
                      ; - com.android.tools.r8.internal.tn0::<init>@104 (line 17)
  0x0000022414669078: 84b2 41ff 

  0x000002241466907c: ;   {other}
  0x000002241466907c: 0f1f 8400 | ec2b 002b | ba45 ffff | ff4c 8b54 | 2430 4c89 | 5424 2044 | 895c 2428 | 895c 242c 
  0x000002241466909c: 4489 7424 | 3089 4c24 

  0x00000224146690a4: ;   {runtime_call UncommonTrapBlob}
  0x00000224146690a4: 3466 90e8 

  0x00000224146690a8: ; ImmutableOopMap {[32]=Oop [48]=NarrowOop [72]=Oop }
                      ;*if_icmpge {reexecute=1 rethrow=0 return_oop=0}
                      ; - (reexecute) com.android.tools.r8.internal.tn0::<init>@432 (line 62)
  0x00000224146690a8: 54b2 41ff 

  0x00000224146690ac: ;   {other}
  0x00000224146690ac: 0f1f 8400 | 1c2c 002c | ba45 ffff | ff4c 8b44 | 2430 4c89 | 4424 2044 | 895c 2428 | 895c 242c 
  0x00000224146690cc: 4489 7424 | 3044 8954 

  0x00000224146690d4: ;   {runtime_call UncommonTrapBlob}
  0x00000224146690d4: 2434 90e8 

  0x00000224146690d8: ; ImmutableOopMap {[32]=Oop [48]=NarrowOop [52]=NarrowOop [72]=Oop }
                      ;*ifnull {reexecute=1 rethrow=0 return_oop=0}
                      ; - (reexecute) com.android.tools.r8.internal.tn0::<init>@462 (line 64)
  0x00000224146690d8: 24b2 41ff 

  0x00000224146690dc: ;   {other}
  0x00000224146690dc: 0f1f 8400 | 4c2c 002d | bae4 ffff | ff48 8b4c | 2430 4889 | 4c24 20c5 | fa11 4424 | 2889 5c24 
  0x00000224146690fc: 2c44 8974 | 2430 4489 | 5424 344c | 894c 2438 | 4489 4424 | 4044 895c 

  0x0000022414669114: ;   {runtime_call UncommonTrapBlob}
  0x0000022414669114: 2444 90e8 

  0x0000022414669118: ; ImmutableOopMap {[32]=Oop [48]=NarrowOop [56]=Oop [64]=NarrowOop [72]=Oop }
                      ;*aaload {reexecute=0 rethrow=0 return_oop=0}
                      ; - com.android.tools.r8.internal.tn0::<init>@594 (line 79)
  0x0000022414669118: e4b1 41ff 

  0x000002241466911c: ;   {other}
  0x000002241466911c: 0f1f 8400 | 8c2c 002e | 498b d749 | ba00 2a96 | fbfd 7f00 | 0041 ffd2 

  0x0000022414669134: ;   {other}
  0x0000022414669134: 0f1f 8400 | 0000 0000 | e90d e9ff | ff48 8b74 | 2428 448b | 5e14 4585 | db0f 84e0 | eaff ff4d 
  0x0000022414669154: 8b57 2849 | 8bcb 4d85 | d20f 8478 | 0700 004d | 8b5f 384b | 894c 13f8 | 4983 c2f8 | 4d89 5728 
  0x0000022414669174: e9ba eaff | ff4d 8b57 | 584d 8b5f | 48f0 8344 | 24c0 0080 | 3900 0f84 | deea ffff | 4488 214d 
  0x0000022414669194: 85db 7523 | 498b f849 | 8bd7 49ba | e029 96fb | fd7f 0000 

  0x00000224146691a8: ;   {other}
  0x00000224146691a8: 41ff d20f | 1f84 0000 | 0000 004c | 8bc7 e9b3 | eaff ff4b | 894c 1af8 | 4983 c3f8 | 4d89 5f48 
  0x00000224146691c8: e9a1 eaff | ff48 894c | 2460 4489 | 4c24 504c | 8b54 2458 | 4c89 5424 | 284c 8b54 | 2430 4c89 
  0x00000224146691e8: 5424 2048 | 8b6c 2448 

  0x00000224146691f0: ;   {metadata('com/android/tools/r8/internal/kd'[])}
  0x00000224146691f0: 48ba d8bd | 0801 0100 | 0000 458b | c189 4424 

  0x0000022414669200: ;   {runtime_call _new_array_Java}
  0x0000022414669200: 4866 90e8 

  0x0000022414669204: ; ImmutableOopMap {rbp=Oop [32]=Oop [40]=Oop [64]=Oop [88]=Oop }
                      ;*invokestatic copyOf {reexecute=1 rethrow=0 return_oop=1}
                      ; - (reexecute) java.util.Arrays::copyOf@6
                      ; - com.android.tools.r8.internal.az2::a@16 (line 3)
                      ; - com.android.tools.r8.internal.s51::toArray@41 (line 9)
                      ; - com.android.tools.r8.internal.tn0::<init>@308 (line 46)
  0x0000022414669204: 785b 4dff 

  0x0000022414669208: ;   {other}
  0x0000022414669208: 0f1f 8400 | 782d 002f | 4889 6c24 | 484c 8b5c | 2420 4c89 | 5c24 3044 | 8b4c 2450 | 488b 4c24 
  0x0000022414669228: 6048 8bd8 | e913 edff | ff44 896c | 2460 4489 | 5424 3848 | 8974 2428 | 488b 6c24 

  0x0000022414669244: ;   {metadata('java/lang/Object'[])}
  0x0000022414669244: 4848 baa8 | c405 0001 

  0x000002241466924c: ;   {runtime_call _new_array_Java}
  0x000002241466924c: 0000 00e8 

  0x0000022414669250: ; ImmutableOopMap {rbp=Oop [32]=Oop [40]=Oop [48]=Oop [64]=Oop [80]=Oop [88]=Oop }
                      ;*anewarray {reexecute=0 rethrow=0 return_oop=1}
                      ; - java.util.ArrayList::grow@52
                      ; - java.util.ArrayList::grow@7
                      ; - java.util.ArrayList::add@7
                      ; - java.util.ArrayList::add@20
                      ; - com.android.tools.r8.internal.tn0::<init>@133 (line 19)
  0x0000022414669250: 2c5b 4dff 

  0x0000022414669254: ;   {other}
  0x0000022414669254: 0f1f 8400 | c42d 0030 | 4889 6c24 | 4848 8b74 | 2428 448b | 5424 3844 | 8b6c 2460 | 488b d8e9 
  0x0000022414669274: 18eb ffff | 498b e9ba | e4ff ffff | 4c8b 5c24 | 484c 895c | 2420 4c8b | 5c24 304c | 895c 2428 
  0x0000022414669294: 448b 5c24 | 3c44 895c | 2430 4c8b | 5c24 584c | 895c 2438 | 4889 7424 | 4844 8954 

  0x00000224146692b0: ;   {runtime_call UncommonTrapBlob}
  0x00000224146692b0: 2458 90e8 

  0x00000224146692b4: ; ImmutableOopMap {rbp=Oop [32]=Oop [40]=Oop [56]=Oop [64]=Oop [72]=Oop [80]=Oop }
                      ;*aastore {reexecute=1 rethrow=0 return_oop=0}
                      ; - (reexecute) java.util.ArrayList::add@14
                      ; - java.util.ArrayList::add@20
                      ; - com.android.tools.r8.internal.tn0::<init>@133 (line 19)
  0x00000224146692b4: 48b0 41ff 

  0x00000224146692b8: ;   {other}
  0x00000224146692b8: 0f1f 8400 | 282e 0031 | bade ffff | ff48 8b6c | 2448 4c8b | 5424 304c | 8954 2420 | 448b 5424 
  0x00000224146692d8: 3c44 8954 | 2428 4c8b | 5424 404c | 8954 2438 | 4889 7424 

  0x00000224146692ec: ;   {runtime_call UncommonTrapBlob}
  0x00000224146692ec: 4066 90e8 

  0x00000224146692f0: ; ImmutableOopMap {rbp=Oop [32]=Oop [56]=Oop [64]=Oop [80]=Oop [88]=Oop }
                      ;*invokeinterface add {reexecute=0 rethrow=0 return_oop=0}
                      ; - com.android.tools.r8.internal.tn0::<init>@133 (line 19)
  0x00000224146692f0: 0cb0 41ff 

  0x00000224146692f4: ;   {other}
  0x00000224146692f4: 0f1f 8400 | 642e 0032 | 498b e9ba | d6ff ffff | 4c8b 5c24 | 484c 895c | 2420 4c8b | 5c24 304c 
  0x0000022414669314: 895c 2428 | 448b 4424 | 3c44 8944 | 2430 4c8b | 5c24 584c | 895c 2438 | 4889 7424 | 4844 8954 
  0x0000022414669334: ;   {runtime_call UncommonTrapBlob}
  0x0000022414669334: 2458 90e8 

  0x0000022414669338: ; ImmutableOopMap {rbp=Oop [32]=Oop [40]=Oop [56]=Oop [64]=Oop [72]=Oop [80]=Oop }
                      ;*aastore {reexecute=1 rethrow=0 return_oop=0}
                      ; - (reexecute) java.util.ArrayList::add@14
                      ; - java.util.ArrayList::add@20
                      ; - com.android.tools.r8.internal.tn0::<init>@133 (line 19)
  0x0000022414669338: c4af 41ff 

  0x000002241466933c: ;   {other}
  0x000002241466933c: 0f1f 8400 | ac2e 0033 | bac6 ffff | ff4c 8b54 | 2430 4c89 | 5424 2044 | 8b54 243c | 4489 5424 
  0x000002241466935c: 2848 895c 

  0x0000022414669360: ;   {runtime_call UncommonTrapBlob}
  0x0000022414669360: 2440 90e8 

  0x0000022414669364: ; ImmutableOopMap {[32]=Oop [64]=Oop [72]=Oop [88]=Oop }
                      ;*invokeinterface hasNext {reexecute=0 rethrow=0 return_oop=0}
                      ; - com.android.tools.r8.internal.tn0::<init>@94 (line 17)
  0x0000022414669364: 98af 41ff 

  0x0000022414669368: ;   {other}
  0x0000022414669368: 0f1f 8400 | d82e 0034 | 4d63 d3e9 | 40e0 ffff | bae4 ffff | ff4c 8b54 | 2430 4c89 | 5424 2848 
  0x0000022414669388: 895c 2440 

  0x000002241466938c: ;   {runtime_call UncommonTrapBlob}
  0x000002241466938c: 6666 90e8 

  0x0000022414669390: ; ImmutableOopMap {rbp=NarrowOop [40]=Oop [64]=Oop [72]=Oop }
                      ;*aastore {reexecute=1 rethrow=0 return_oop=0}
                      ; - (reexecute) com.android.tools.r8.internal.tn0::<init>@328 (line 47)
  0x0000022414669390: 6caf 41ff 

  0x0000022414669394: ;   {other}
  0x0000022414669394: 0f1f 8400 | 042f 0035 | bade ffff | ff4c 8b54 | 2430 4c89 

  0x00000224146693a8: ;   {runtime_call UncommonTrapBlob}
  0x00000224146693a8: 5424 28e8 

  0x00000224146693ac: ; ImmutableOopMap {rbp=NarrowOop [40]=Oop [72]=Oop [88]=Oop }
                      ;*invokevirtual size {reexecute=0 rethrow=0 return_oop=0}
                      ; - com.android.tools.r8.internal.tn0::<init>@147 (line 22)
  0x00000224146693ac: 50af 41ff 

  0x00000224146693b0: ;   {other}
  0x00000224146693b0: 0f1f 8400 | 202f 0036 | bae4 ffff | ff4c 8b54 | 2430 4c89 | 5424 2048 | 895c 2430 

  0x00000224146693cc: ;   {runtime_call UncommonTrapBlob}
  0x00000224146693cc: 6666 90e8 

  0x00000224146693d0: ; ImmutableOopMap {[32]=Oop [40]=NarrowOop [48]=Oop [72]=Oop }
                      ;*aaload {reexecute=0 rethrow=0 return_oop=0}
                      ; - com.android.tools.r8.internal.tn0::<init>@374 (line 52)
  0x00000224146693d0: 2caf 41ff 

  0x00000224146693d4: ;   {other}
  0x00000224146693d4: 0f1f 8400 | 442f 0037 | ba76 ffff 

  0x00000224146693e0: ;   {runtime_call UncommonTrapBlob}
  0x00000224146693e0: ff66 90e8 

  0x00000224146693e4: ; ImmutableOopMap {[40]=NarrowOop [48]=Oop [72]=Oop }
                      ;*if_icmpge {reexecute=1 rethrow=0 return_oop=0}
                      ; - (reexecute) com.android.tools.r8.internal.tn0::<init>@344 (line 49)
  0x00000224146693e4: 18af 41ff 

  0x00000224146693e8: ;   {other}
  0x00000224146693e8: 0f1f 8400 | 582f 0038 | bb01 0000 | 00e9 94e2 | ffff 448b | eb49 8bd7 | 49ba 002a | 96fb fd7f 
  0x0000022414669408: 0000 41ff 

  0x000002241466940c: ;   {other}
  0x000002241466940c: d20f 1f84 | 0000 0000 | 0041 8bdd | e9ea deff | ff44 8bf7 | 498b d749 | ba00 2a96 | fbfd 7f00 
  0x000002241466942c: 0041 ffd2 

  0x0000022414669430: ;   {other}
  0x0000022414669430: 0f1f 8400 | 0000 0000 | 418b fee9 | 39d6 ffff | 448b f749 | 8bd7 49ba | 002a 96fb | fd7f 0000 
  0x0000022414669450: ;   {other}
  0x0000022414669450: 41ff d20f | 1f84 0000 | 0000 0041 | 8bfe e9e9 | d6ff ff44 | 8bf7 498b | d749 ba00 | 2a96 fbfd 
  0x0000022414669470: 7f00 0041 

  0x0000022414669474: ;   {other}
  0x0000022414669474: ffd2 0f1f | 8400 0000 | 0000 418b | fee9 53d7 | ffff 498b | d749 ba00 | 2a96 fbfd | 7f00 0041 
  0x0000022414669494: ;   {other}
  0x0000022414669494: ffd2 0f1f | 8400 0000 | 0000 e9e9 | d8ff ff49 | 8bd7 49ba | 002a 96fb | fd7f 0000 

  0x00000224146694b0: ;   {other}
  0x00000224146694b0: 41ff d20f | 1f84 0000 | 0000 00e9 | 89d8 ffff | 448b f749 | 8bd7 49ba | 002a 96fb | fd7f 0000 
  0x00000224146694d0: ;   {other}
  0x00000224146694d0: 41ff d20f | 1f84 0000 | 0000 0041 | 8bfe e9df | d5ff ff44 | 8bf7 498b | d749 ba00 | 2a96 fbfd 
  0x00000224146694f0: 7f00 0041 

  0x00000224146694f4: ;   {other}
  0x00000224146694f4: ffd2 0f1f | 8400 0000 | 0000 418b | fee9 6ad7 | ffff 448b | f749 8bd7 | 49ba 002a | 96fb fd7f 
  0x0000022414669514: 0000 41ff 

  0x0000022414669518: ;   {other}
  0x0000022414669518: d20f 1f84 | 0000 0000 | 0041 8bfe | e9e2 d7ff | ff44 8bef | 498b d749 | ba00 2a96 | fbfd 7f00 
  0x0000022414669538: 0041 ffd2 

  0x000002241466953c: ;   {other}
  0x000002241466953c: 0f1f 8400 | 0000 0000 | 418b fde9 | 6bd5 ffff | 498b d749 | ba00 2a96 | fbfd 7f00 | 0041 ffd2 
  0x000002241466955c: ;   {other}
  0x000002241466955c: 0f1f 8400 | 0000 0000 | e9a8 dfff | ff49 8bd7 | 49ba 002a | 96fb fd7f | 0000 41ff 

  0x0000022414669578: ;   {other}
  0x0000022414669578: d20f 1f84 | 0000 0000 | 00e9 efdf | ffff 498b | d749 ba00 | 2a96 fbfd | 7f00 0041 

  0x0000022414669594: ;   {other}
  0x0000022414669594: ffd2 0f1f | 8400 0000 | 0000 e9f2 | e1ff ff49 | 8bd7 49ba | 002a 96fb | fd7f 0000 

  0x00000224146695b0: ;   {other}
  0x00000224146695b0: 41ff d20f | 1f84 0000 | 0000 00e9 | 27e2 ffff | ba45 ffff | ff4c 8b54 | 2430 4c89 

  0x00000224146695cc: ;   {runtime_call UncommonTrapBlob}
  0x00000224146695cc: 5424 20e8 

  0x00000224146695d0: ; ImmutableOopMap {[32]=Oop [72]=Oop [88]=Oop }
                      ;*if_icmpne {reexecute=1 rethrow=0 return_oop=0}
                      ; - (reexecute) com.android.tools.r8.internal.tn0::<init>@152 (line 22)
  0x00000224146695d0: 2cad 41ff 

  0x00000224146695d4: ;   {other}
  0x00000224146695d4: 0f1f 8400 | 4431 0039 | bac6 ffff | ff4c 8b54 | 2430 4c89 | 5424 2044 | 8b54 243c | 4489 5424 
  0x00000224146695f4: 2848 8944 

  0x00000224146695f8: ;   {runtime_call UncommonTrapBlob}
  0x00000224146695f8: 2438 90e8 

  0x00000224146695fc: ; ImmutableOopMap {[32]=Oop [56]=Oop [72]=Oop [88]=Oop }
                      ;*invokevirtual iterator {reexecute=0 rethrow=0 return_oop=0}
                      ; - com.android.tools.r8.internal.tn0::<init>@87 (line 17)
  0x00000224146695fc: 00ad 41ff 

  0x0000022414669600: ;   {other}
  0x0000022414669600: 0f1f 8400 | 7031 003a | ba45 ffff | ff4c 8b54 | 2430 4c89 | 5424 2844 | 8b54 243c | 4489 5424 
  0x0000022414669620: 3048 894c 

  0x0000022414669624: ;   {runtime_call UncommonTrapBlob}
  0x0000022414669624: 2440 90e8 

  0x0000022414669628: ; ImmutableOopMap {[40]=Oop [64]=Oop [72]=Oop [88]=Oop }
                      ;*ifne {reexecute=1 rethrow=0 return_oop=0}
                      ; - (reexecute) com.android.tools.r8.internal.on1::next@4 (line 1)
                      ; - com.android.tools.r8.internal.tn0::<init>@104 (line 17)
  0x0000022414669628: d4ac 41ff 

  0x000002241466962c: ;   {other}
  0x000002241466962c: 0f1f 8400 | 9c31 003b | 4d63 d8e9 | 3bdb ffff | 498b d749 | ba00 2a96 | fbfd 7f00 | 0041 ffd2 
  0x000002241466964c: ;   {other}
  0x000002241466964c: 0f1f 8400 | 0000 0000 | e904 d8ff | ff4d 8bf1 | 8beb 458b | ea49 8bd7 | 49ba 002a | 96fb fd7f 
  0x000002241466966c: 0000 41ff 

  0x0000022414669670: ;   {other}
  0x0000022414669670: d20f 1f84 | 0000 0000 | 0045 8bd5 | 8bdd 4d8b | cee9 cddb | ffff bac6 | ffff ff4c | 8b54 2430 
  0x0000022414669690: 4c89 5424 | 2044 8b54 | 243c 4489 | 5424 2848 | 895c 2440 

  0x00000224146696a4: ;   {runtime_call UncommonTrapBlob}
  0x00000224146696a4: 6666 90e8 

  0x00000224146696a8: ; ImmutableOopMap {[32]=Oop [64]=Oop [72]=Oop [88]=Oop }
                      ;*invokeinterface hasNext {reexecute=0 rethrow=0 return_oop=0}
                      ; - com.android.tools.r8.internal.tn0::<init>@94 (line 17)
  0x00000224146696a8: 54ac 41ff 

  0x00000224146696ac: ;   {other}
  0x00000224146696ac: 0f1f 8400 | 1c32 003c | baf6 ffff 

  0x00000224146696b8: ;   {runtime_call UncommonTrapBlob}
  0x00000224146696b8: ff66 90e8 

  0x00000224146696bc: ; ImmutableOopMap {[80]=Oop }
                      ;*aastore {reexecute=1 rethrow=0 return_oop=0}
                      ; - (reexecute) java.util.ArrayList::add@14
                      ; - java.util.ArrayList::add@20
                      ; - com.android.tools.r8.internal.tn0::<init>@133 (line 19)
  0x00000224146696bc: 40ac 41ff 

  0x00000224146696c0: ;   {other}
  0x00000224146696c0: 0f1f 8400 | 3032 003d | 488b ebe9 | abfb ffff | 488b ebe9 | 27fc ffff | ba76 ffff | ff4c 8b54 
  0x00000224146696e0: 2430 4c89 | 5424 2844 | 8b54 243c | 4489 5424 | 3048 895c 

  0x00000224146696f4: ;   {runtime_call UncommonTrapBlob}
  0x00000224146696f4: 2440 90e8 

  0x00000224146696f8: ; ImmutableOopMap {[40]=Oop [64]=Oop [72]=Oop [88]=Oop }
                      ;*ifeq {reexecute=1 rethrow=0 return_oop=0}
                      ; - (reexecute) com.android.tools.r8.internal.tn0::<init>@99 (line 17)
  0x00000224146696f8: 04ac 41ff 

  0x00000224146696fc: ;   {other}
  0x00000224146696fc: 0f1f 8400 | 6c32 003e | 498b d749 | ba00 2a96 | fbfd 7f00 | 0041 ffd2 

  0x0000022414669714: ;   {other}
  0x0000022414669714: 0f1f 8400 | 0000 0000 | e9d6 d9ff | ff44 8944 | 2420 ba3d | ffff ff4c | 8b44 2448 | 4c89 4424 
  0x0000022414669734: 2844 8b44 | 243c 4489 | 4424 244c | 8b44 2458 | 4c89 4424 | 3844 8954 | 2458 4889 | 7424 6044 
  0x0000022414669754: 895c 245c 

  0x0000022414669758: ;   {runtime_call UncommonTrapBlob}
  0x0000022414669758: 6666 90e8 

  0x000002241466975c: ; ImmutableOopMap {[40]=Oop [48]=Oop [56]=Oop [64]=Oop [80]=Oop [96]=Oop }
                      ;*if_icmpge {reexecute=1 rethrow=0 return_oop=0}
                      ; - (reexecute) jdk.internal.util.ArraysSupport::newLength@10
                      ; - java.util.ArrayList::grow@27
                      ; - java.util.ArrayList::grow@7
                      ; - java.util.ArrayList::add@7
                      ; - java.util.ArrayList::add@20
                      ; - com.android.tools.r8.internal.tn0::<init>@133 (line 19)
  0x000002241466975c: a0ab 41ff 

  0x0000022414669760: ;   {other}
  0x0000022414669760: 0f1f 8400 | d032 003f | 498b d749 | ba00 2a96 | fbfd 7f00 | 0041 ffd2 

  0x0000022414669778: ;   {other}
  0x0000022414669778: 0f1f 8400 | 0000 0000 | e9c9 e6ff | ff48 83c1 | fe48 8bfa | 4833 c048 | 83f9 087f | 1048 ffc9 
  0x0000022414669798: 784f 4889 | 04cf 48ff | c97d f7eb | 44c5 fdef | c0e9 0d00 | 0000 c5fe | 7f07 c5fe | 7f47 2048 
  0x00000224146697b8: 83c7 4048 | 83e9 087d | ed48 83c1 | 047c 0cc5 | fe7f 0748 | 83c7 2048 | 83e9 0448 | 83c1 047e 
  0x00000224146697d8: 1048 ffc9 | c5f9 d607 | 4883 c708 | 48ff c97d | f3e9 a9e7 | ffff bace | ffff ff4c | 8b54 2430 
  0x00000224146697f8: 4c89 5424 | 2044 895c | 2428 448b | 5c24 3c44 | 895c 242c | 4c8b 5424 | 404c 8954 | 2438 8944 
  0x0000022414669818: ;   {runtime_call UncommonTrapBlob}
  0x0000022414669818: 2440 90e8 

  0x000002241466981c: ; ImmutableOopMap {[32]=Oop [56]=Oop [72]=Oop [88]=Oop }
                      ;*invokestatic copyOf {reexecute=1 rethrow=0 return_oop=0}
                      ; - (reexecute) java.util.Arrays::copyOf@6
                      ; - com.android.tools.r8.internal.az2::a@16 (line 3)
                      ; - com.android.tools.r8.internal.s51::toArray@41 (line 9)
                      ; - com.android.tools.r8.internal.tn0::<init>@308 (line 46)
  0x000002241466981c: e0aa 41ff 

  0x0000022414669820: ;   {other}
  0x0000022414669820: 0f1f 8400 | 9033 0040 | bae4 ffff | ff48 8b6c | 2448 4c8b | 5424 304c | 8954 2420 | 448b 5424 
  0x0000022414669840: 3844 8954 | 2428 4489 | 5c24 2c89 

  0x000002241466984c: ;   {runtime_call UncommonTrapBlob}
  0x000002241466984c: 4424 48e8 

  0x0000022414669850: ; ImmutableOopMap {rbp=Oop [32]=Oop [64]=Oop [88]=Oop }
                      ;*aastore {reexecute=1 rethrow=0 return_oop=0}
                      ; - (reexecute) com.android.tools.r8.internal.s51::toArray@57 (line 11)
                      ; - com.android.tools.r8.internal.tn0::<init>@308 (line 46)
  0x0000022414669850: acaa 41ff 

  0x0000022414669854: ;   {other}
  0x0000022414669854: 0f1f 8400 | c433 0041 | 4d63 d8e9 | 59e4 ffff | ba45 ffff | ff4c 8b54 | 2430 4c89 | 5424 2044 
  0x0000022414669874: 895c 2428 | 8944 2438 

  0x000002241466987c: ;   {runtime_call UncommonTrapBlob}
  0x000002241466987c: 6666 90e8 

  0x0000022414669880: ; ImmutableOopMap {[32]=Oop [64]=Oop [72]=Oop [88]=Oop }
                      ;*ifne {reexecute=1 rethrow=0 return_oop=0}
                      ; - (reexecute) com.android.tools.r8.internal.az2::a@2 (line 2)
                      ; - com.android.tools.r8.internal.s51::toArray@41 (line 9)
                      ; - com.android.tools.r8.internal.tn0::<init>@308 (line 46)
  0x0000022414669880: 7caa 41ff 

  0x0000022414669884: ;   {other}
  0x0000022414669884: 0f1f 8400 | f433 0042 | 498b d749 | ba00 2a96 | fbfd 7f00 | 0041 ffd2 

  0x000002241466989c: ;   {other}
  0x000002241466989c: 0f1f 8400 | 0000 0000 | 4c8b c5e9 | 24e7 ffff | 4c8b f341 | 8bed 458b | ea49 8bd7 | 49ba 002a 
  0x00000224146698bc: 96fb fd7f | 0000 41ff 

  0x00000224146698c4: ;   {other}
  0x00000224146698c4: d20f 1f84 | 0000 0000 | 0045 8bd5 | 448b ed49 | 8bde e9c0 | e4ff ff49 | 8bd7 49ba | 002a 96fb 
  0x00000224146698e4: fd7f 0000 

  0x00000224146698e8: ;   {other}
  0x00000224146698e8: 41ff d20f | 1f84 0000 | 0000 00e9 | 3be3 ffff | 4489 4424 | 20e9 24fe | ffff bac6 | ffff ff48 
  0x0000022414669908: 8b6c 2448 | 4c8b 5424 | 304c 8954 | 2420 448b | 5424 3844 | 8954 2428 | 4489 5c24 | 2c4c 8b54 
  0x0000022414669928: 2458 4c89 | 5424 304c | 8b54 2440 | 4c89 5424 | 3889 4424 

  0x000002241466993c: ;   {runtime_call UncommonTrapBlob}
  0x000002241466993c: 4066 90e8 

  0x0000022414669940: ; ImmutableOopMap {rbp=Oop [32]=Oop [48]=Oop [56]=Oop }
                      ;*invokevirtual b {reexecute=0 rethrow=0 return_oop=0}
                      ; - com.android.tools.r8.internal.s51::toArray@17 (line 6)
                      ; - com.android.tools.r8.internal.tn0::<init>@308 (line 46)
  0x0000022414669940: bca9 41ff 

  0x0000022414669944: ;   {other}
  0x0000022414669944: 0f1f 8400 | b434 0043 | bade ffff | ff4c 8b54 | 2448 4c89 | 5424 204c | 8b54 2430 | 4c89 5424 
  0x0000022414669964: 2844 8b54 | 2438 4489 | 5424 3044 | 8b5c 243c | 4489 5c24 | 344c 8b54 | 2458 4c89 

  0x0000022414669980: ;   {runtime_call UncommonTrapBlob}
  0x0000022414669980: 5424 48e8 

  0x0000022414669984: ; ImmutableOopMap {rbp=NarrowOop [32]=Oop [40]=Oop [64]=Oop [72]=Oop [88]=Oop }
                      ;*invokevirtual d {reexecute=0 rethrow=0 return_oop=0}
                      ; - com.android.tools.r8.internal.s51::toArray@26 (line 8)
                      ; - com.android.tools.r8.internal.tn0::<init>@308 (line 46)
  0x0000022414669984: 78a9 41ff 

  0x0000022414669988: ;   {other}
  0x0000022414669988: 0f1f 8400 | f834 0044 | bade ffff | ff4c 8b54 | 2430 4c89 | 5424 2044 | 8b5c 243c | 4489 5c24 
  0x00000224146699a8: 2848 895c | 2438 4c89 

  0x00000224146699b0: ;   {runtime_call UncommonTrapBlob}
  0x00000224146699b0: 4c24 40e8 

  0x00000224146699b4: ; ImmutableOopMap {[32]=Oop [56]=Oop [64]=Oop [72]=Oop [88]=Oop }
                      ;*checkcast {reexecute=0 rethrow=0 return_oop=0}
                      ; - com.android.tools.r8.internal.tn0::<init>@109 (line 17)
  0x00000224146699b4: 48a9 41ff 

  0x00000224146699b8: ;   {other}
  0x00000224146699b8: 0f1f 8400 | 2835 0045 | bade ffff | ff4c 8b54 | 2430 4c89 | 5424 2048 | 895c 2430 

  0x00000224146699d4: ;   {runtime_call UncommonTrapBlob}
  0x00000224146699d4: 6666 90e8 

  0x00000224146699d8: ; ImmutableOopMap {[32]=Oop [48]=Oop [72]=Oop }
                      ;*checkcast {reexecute=0 rethrow=0 return_oop=0}
                      ; - com.android.tools.r8.internal.tn0::<init>@311 (line 46)
  0x00000224146699d8: 24a9 41ff 

  0x00000224146699dc: ;   {other}
  0x00000224146699dc: 0f1f 8400 | 4c35 0046 | bade ffff | ff4c 8b54 | 2430 4c89 | 5424 2044 | 895c 2428 | 895c 242c 
  0x00000224146699fc: 4489 7424 | 3089 7c24 

  0x0000022414669a04: ;   {runtime_call UncommonTrapBlob}
  0x0000022414669a04: 3466 90e8 

  0x0000022414669a08: ; ImmutableOopMap {[32]=Oop [48]=NarrowOop [52]=NarrowOop [72]=Oop }
                      ;*checkcast {reexecute=0 rethrow=0 return_oop=0}
                      ; - com.android.tools.r8.internal.tn0::<init>@447 (line 63)
  0x0000022414669a08: f4a8 41ff 

  0x0000022414669a0c: ;   {other}
  0x0000022414669a0c: 0f1f 8400 | 7c35 0047 | bade ffff | ff4c 8b44 | 2430 4c89 | 4424 20c5 | fa11 4424 | 2889 5c24 
  0x0000022414669a2c: 2c44 8974 | 2430 4889 | 7c24 3844 | 8954 2440 | 4489 5c24 

  0x0000022414669a40: ;   {runtime_call UncommonTrapBlob}
  0x0000022414669a40: 4466 90e8 

  0x0000022414669a44: ; ImmutableOopMap {[32]=Oop [48]=NarrowOop [56]=Oop [68]=NarrowOop [72]=Oop }
                      ;*checkcast {reexecute=0 rethrow=0 return_oop=0}
                      ; - com.android.tools.r8.internal.tn0::<init>@513 (line 71)
  0x0000022414669a44: b8a8 41ff 

  0x0000022414669a48: ;   {other}
  0x0000022414669a48: 0f1f 8400 | b835 0048 | baf6 ffff 

  0x0000022414669a54: ;   {runtime_call UncommonTrapBlob}
  0x0000022414669a54: ff66 90e8 

  0x0000022414669a58: ; ImmutableOopMap {}
                      ;*invokevirtual p {reexecute=0 rethrow=0 return_oop=0}
                      ; - com.android.tools.r8.internal.tn0::<init>@546 (line 76)
  0x0000022414669a58: a4a8 41ff 

  0x0000022414669a5c: ;   {other}
  0x0000022414669a5c: 0f1f 8400 | cc35 0049 | baf4 ffff | ff4c 8b5c | 2430 4c89 | 5c24 20c5 | fa11 4424 | 2889 5c24 
  0x0000022414669a7c: 2c44 8974 | 2430 4889 | 7c24 3844 | 8954 2440 

  0x0000022414669a8c: ;   {runtime_call UncommonTrapBlob}
  0x0000022414669a8c: 6666 90e8 

  0x0000022414669a90: ; ImmutableOopMap {[32]=Oop [48]=NarrowOop [56]=Oop [72]=Oop }
                      ;*checkcast {reexecute=0 rethrow=0 return_oop=0}
                      ; - com.android.tools.r8.internal.tn0::<init>@513 (line 71)
  0x0000022414669a90: 6ca8 41ff 

  0x0000022414669a94: ;   {other}
  0x0000022414669a94: 0f1f 8400 | 0436 004a | baf6 ffff 

  0x0000022414669aa0: ;   {runtime_call UncommonTrapBlob}
  0x0000022414669aa0: ff66 90e8 

  0x0000022414669aa4: ; ImmutableOopMap {}
                      ;*invokevirtual s {reexecute=0 rethrow=0 return_oop=0}
                      ; - com.android.tools.r8.internal.tn0::<init>@424 (line 62)
  0x0000022414669aa4: 58a8 41ff 

  0x0000022414669aa8: ;   {other}
  0x0000022414669aa8: 0f1f 8400 | 1836 004b | baf6 ffff 

  0x0000022414669ab4: ;   {runtime_call UncommonTrapBlob}
  0x0000022414669ab4: ff66 90e8 

  0x0000022414669ab8: ; ImmutableOopMap {}
                      ;*invokeinterface size {reexecute=0 rethrow=0 return_oop=0}
                      ; - com.android.tools.r8.internal.tn0::<init>@427 (line 62)
  0x0000022414669ab8: 44a8 41ff 

  0x0000022414669abc: ;   {other}
  0x0000022414669abc: 0f1f 8400 | 2c36 004c | baf6 ffff 

  0x0000022414669ac8: ;   {runtime_call UncommonTrapBlob}
  0x0000022414669ac8: ff66 90e8 

  0x0000022414669acc: ; ImmutableOopMap {}
                      ;*aaload {reexecute=0 rethrow=0 return_oop=0}
                      ; - java.util.ArrayList::elementData@5
                      ; - java.util.ArrayList::get@11
                      ; - com.android.tools.r8.internal.tn0::<init>@442 (line 63)
  0x0000022414669acc: 30a8 41ff 

  0x0000022414669ad0: ;   {other}
  0x0000022414669ad0: 0f1f 8400 | 4036 004d | baf4 ffff | ff4c 8b54 | 2430 4c89 | 5424 2044 | 895c 2428 | 895c 242c 
  0x0000022414669af0: 4489 7424 

  0x0000022414669af4: ;   {runtime_call UncommonTrapBlob}
  0x0000022414669af4: 3066 90e8 

  0x0000022414669af8: ; ImmutableOopMap {[32]=Oop [48]=NarrowOop [72]=Oop }
                      ;*checkcast {reexecute=0 rethrow=0 return_oop=0}
                      ; - com.android.tools.r8.internal.tn0::<init>@447 (line 63)
  0x0000022414669af8: 04a8 41ff 

  0x0000022414669afc: ;   {other}
  0x0000022414669afc: 0f1f 8400 | 6c36 004e | baf6 ffff | ff41 8bea 

  0x0000022414669b0c: ;   {runtime_call UncommonTrapBlob}
  0x0000022414669b0c: 6666 90e8 

  0x0000022414669b10: ; ImmutableOopMap {}
                      ;*aaload {reexecute=0 rethrow=0 return_oop=0}
                      ; - com.android.tools.r8.internal.tn0::<init>@461 (line 64)
  0x0000022414669b10: eca7 41ff 

  0x0000022414669b14: ;   {other}
  0x0000022414669b14: 0f1f 8400 | 8436 004f | baf6 ffff 

  0x0000022414669b20: ;   {runtime_call UncommonTrapBlob}
  0x0000022414669b20: ff66 90e8 

  0x0000022414669b24: ; ImmutableOopMap {}
                      ;*arraylength {reexecute=0 rethrow=0 return_oop=0}
                      ; - com.android.tools.r8.internal.tn0::<init>@396 (line 57)
  0x0000022414669b24: d8a7 41ff 

  0x0000022414669b28: ;   {other}
  0x0000022414669b28: 0f1f 8400 | 9836 0050 | baf4 ffff | ff4c 8b54 | 2430 4c89 | 5424 2044 | 8b5c 243c | 4489 5c24 
  0x0000022414669b48: 2848 895c 

  0x0000022414669b4c: ;   {runtime_call UncommonTrapBlob}
  0x0000022414669b4c: 2438 90e8 

  0x0000022414669b50: ; ImmutableOopMap {[32]=Oop [56]=Oop [72]=Oop [88]=Oop }
                      ;*checkcast {reexecute=0 rethrow=0 return_oop=0}
                      ; - com.android.tools.r8.internal.tn0::<init>@109 (line 17)
  0x0000022414669b50: aca7 41ff 

  0x0000022414669b54: ;   {other}
  0x0000022414669b54: 0f1f 8400 | c436 0051 | baf6 ffff 

  0x0000022414669b60: ;   {runtime_call UncommonTrapBlob}
  0x0000022414669b60: ff66 90e8 

  0x0000022414669b64: ; ImmutableOopMap {}
                      ;*invokevirtual b {reexecute=0 rethrow=0 return_oop=0}
                      ; - com.android.tools.r8.internal.kd::h@58 (line 3)
                      ; - com.android.tools.r8.internal.tn0::<init>@115 (line 18)
  0x0000022414669b64: 98a7 41ff 

  0x0000022414669b68: ;   {other}
  0x0000022414669b68: 0f1f 8400 | d836 0052 | baf6 ffff 

  0x0000022414669b74: ;   {runtime_call UncommonTrapBlob}
  0x0000022414669b74: ff8b e9e8 

  0x0000022414669b78: ; ImmutableOopMap {}
                      ;*aaload {reexecute=0 rethrow=0 return_oop=0}
                      ; - com.android.tools.r8.internal.pn1::a@5 (line 1)
                      ; - com.android.tools.r8.internal.k0::next@21 (line 4)
                      ; - com.android.tools.r8.internal.tn0::<init>@104 (line 17)
  0x0000022414669b78: 84a7 41ff 

  0x0000022414669b7c: ;   {other}
  0x0000022414669b7c: 0f1f 8400 | ec36 0053 | baf6 ffff 

  0x0000022414669b88: ;   {runtime_call UncommonTrapBlob}
  0x0000022414669b88: ff66 90e8 

  0x0000022414669b8c: ; ImmutableOopMap {}
                      ;*invokevirtual p {reexecute=0 rethrow=0 return_oop=0}
                      ; - com.android.tools.r8.internal.tn0::<init>@574 (line 78)
  0x0000022414669b8c: 70a7 41ff 

  0x0000022414669b90: ;   {other}
  0x0000022414669b90: 0f1f 8400 | 0037 0054 | baf6 ffff 

  0x0000022414669b9c: ;   {runtime_call UncommonTrapBlob}
  0x0000022414669b9c: ff66 90e8 

  0x0000022414669ba0: ; ImmutableOopMap {}
                      ;*arraylength {reexecute=0 rethrow=0 return_oop=0}
                      ; - com.android.tools.r8.internal.tn0::<init>@396 (line 57)
  0x0000022414669ba0: 5ca7 41ff 

  0x0000022414669ba4: ;   {other}
  0x0000022414669ba4: 0f1f 8400 | 1437 0055 | baf6 ffff 

  0x0000022414669bb0: ;   {runtime_call UncommonTrapBlob}
  0x0000022414669bb0: ff66 90e8 

  0x0000022414669bb4: ; ImmutableOopMap {}
                      ;*invokevirtual l {reexecute=0 rethrow=0 return_oop=0}
                      ; - com.android.tools.r8.internal.tn0::<init>@128 (line 19)
  0x0000022414669bb4: 48a7 41ff 

  0x0000022414669bb8: ;   {other}
  0x0000022414669bb8: 0f1f 8400 | 2837 0056 | baf6 ffff 

  0x0000022414669bc4: ;   {runtime_call UncommonTrapBlob}
  0x0000022414669bc4: ff66 90e8 

  0x0000022414669bc8: ; ImmutableOopMap {[80]=Oop }
                      ;*invokeinterface add {reexecute=0 rethrow=0 return_oop=0}
                      ; - com.android.tools.r8.internal.tn0::<init>@133 (line 19)
  0x0000022414669bc8: 34a7 41ff 

  0x0000022414669bcc: ;   {other}
  0x0000022414669bcc: 0f1f 8400 | 3c37 0057 | baf6 ffff 

  0x0000022414669bd8: ;   {runtime_call UncommonTrapBlob}
  0x0000022414669bd8: ff66 90e8 

  0x0000022414669bdc: ; ImmutableOopMap {}
                      ;*arraylength {reexecute=0 rethrow=0 return_oop=0}
                      ; - java.util.ArrayList::add@2
                      ; - java.util.ArrayList::add@20
                      ; - com.android.tools.r8.internal.tn0::<init>@133 (line 19)
  0x0000022414669bdc: 20a7 41ff 

  0x0000022414669be0: ;   {other}
  0x0000022414669be0: 0f1f 8400 | 5037 0058 | baf6 ffff 

  0x0000022414669bec: ;   {runtime_call UncommonTrapBlob}
  0x0000022414669bec: ff66 90e8 

  0x0000022414669bf0: ; ImmutableOopMap {}
                      ;*getfield i {reexecute=1 rethrow=0 return_oop=0}
                      ; - (reexecute) com.android.tools.r8.internal.tn0::<init>@71 (line 12)
  0x0000022414669bf0: 0ca7 41ff 

  0x0000022414669bf4: ;   {other}
  0x0000022414669bf4: 0f1f 8400 | 6437 0059 | baf6 ffff 

  0x0000022414669c00: ;   {runtime_call UncommonTrapBlob}
  0x0000022414669c00: ff66 90e8 

  0x0000022414669c04: ; ImmutableOopMap {}
                      ;*invokevirtual iterator {reexecute=0 rethrow=0 return_oop=0}
                      ; - com.android.tools.r8.internal.tn0::<init>@87 (line 17)
  0x0000022414669c04: f8a6 41ff 

  0x0000022414669c08: ;   {other}
  0x0000022414669c08: 0f1f 8400 | 7837 005a | baf6 ffff 

  0x0000022414669c14: ;   {runtime_call UncommonTrapBlob}
  0x0000022414669c14: ff66 90e8 

  0x0000022414669c18: ; ImmutableOopMap {}
                      ;*invokevirtual size {reexecute=0 rethrow=0 return_oop=0}
                      ; - com.android.tools.r8.internal.tn0::<init>@147 (line 22)
  0x0000022414669c18: e4a6 41ff 

  0x0000022414669c1c: ;   {other}
  0x0000022414669c1c: 0f1f 8400 | 8c37 005b | baf6 ffff 

  0x0000022414669c28: ;   {runtime_call UncommonTrapBlob}
  0x0000022414669c28: ff66 90e8 

  0x0000022414669c2c: ; ImmutableOopMap {}
                      ;*arraylength {reexecute=0 rethrow=0 return_oop=0}
                      ; - com.android.tools.r8.internal.tn0::<init>@343 (line 49)
  0x0000022414669c2c: d0a6 41ff 

  0x0000022414669c30: ;   {other}
  0x0000022414669c30: 0f1f 8400 | a037 005c | 4533 c0eb | 0344 8bc3 | 418b d8ba | f6ff ffff 

  0x0000022414669c48: ;   {runtime_call UncommonTrapBlob}
  0x0000022414669c48: 8beb 90e8 

  0x0000022414669c4c: ; ImmutableOopMap {}
                      ;*invokevirtual d {reexecute=0 rethrow=0 return_oop=0}
                      ; - com.android.tools.r8.internal.tn0::<init>@351 (line 50)
  0x0000022414669c4c: b0a6 41ff 

  0x0000022414669c50: ;   {other}
  0x0000022414669c50: 0f1f 8400 | c037 005d | baf6 ffff 

  0x0000022414669c5c: ;   {runtime_call UncommonTrapBlob}
  0x0000022414669c5c: ff66 90e8 

  0x0000022414669c60: ; ImmutableOopMap {}
                      ;*arraylength {reexecute=0 rethrow=0 return_oop=0}
                      ; - com.android.tools.r8.internal.wi3::f@6 (line 1)
                      ; - com.android.tools.r8.internal.c61::iterator@2 (line 1)
                      ; - com.android.tools.r8.internal.tn0::<init>@87 (line 17)
  0x0000022414669c60: 9ca6 41ff 

  0x0000022414669c64: ;   {other}
  0x0000022414669c64: 0f1f 8400 | d437 005e | eb3f eb4d | eb4b eb39 | 488b d0eb | 5148 8bd0 | eb4c 488b | d0eb 4748 
  0x0000022414669c84: 8bd0 eb42 | 488b d0eb | 3d48 8bd0 | eb38 488b | d0eb 3348 | 8bd0 eb2e | 488b d0eb | 2948 8bd0 
  0x0000022414669ca4: eb24 488b | d0eb 1feb | 0048 8bd0 | eb18 eb13 | eb0c 488b | d0eb 0feb | 0048 8bd0 | eb08 488b 
  0x0000022414669cc4: d0eb 0348 | 8bd0 4881 | c4f0 0000 

  0x0000022414669cd0: ;   {runtime_call _rethrow_Java}
  0x0000022414669cd0: 005d e9a9 | 6f4d ffba | f6ff ffff 

  0x0000022414669cdc: ;   {runtime_call UncommonTrapBlob}
  0x0000022414669cdc: 6666 90e8 

  0x0000022414669ce0: ; ImmutableOopMap {}
                      ;*arraylength {reexecute=0 rethrow=0 return_oop=0}
                      ; - com.android.tools.r8.internal.wi3::c@4 (line 1)
                      ; - com.android.tools.r8.internal.s51::toArray@30 (line 8)
                      ; - com.android.tools.r8.internal.tn0::<init>@308 (line 46)
  0x0000022414669ce0: 1ca6 41ff 

  0x0000022414669ce4: ;   {other}
  0x0000022414669ce4: 0f1f 8400 | 5438 005f 

  0x0000022414669cec: ;   {internal_word}
  0x0000022414669cec: 49ba 3778 | 6614 2402 | 0000 4d89 | 9768 0400 

  0x0000022414669cfc: ;   {runtime_call SafepointBlob}
  0x0000022414669cfc: 00e9 feb6 

  0x0000022414669d00: ;   {runtime_call StubRoutines (final stubs)}
  0x0000022414669d00: 41ff e8f9 | 1940 ffe9 | 12cc ffff | f4f4 f4f4 
[Stub Code]
  0x0000022414669d10: ;   {no_reloc}
  0x0000022414669d10: 48bb 0000 | 0000 0000 

  0x0000022414669d18: ;   {runtime_call nmethod}
  0x0000022414669d18: 0000 e9fb 

  0x0000022414669d1c: ;   {static_stub}
  0x0000022414669d1c: ffff ff48 | bb00 0000 | 0000 0000 

  0x0000022414669d28: ;   {runtime_call nmethod}
  0x0000022414669d28: 00e9 fbff 

  0x0000022414669d2c: ;   {static_stub}
  0x0000022414669d2c: ffff 48bb | 0000 0000 | 0000 0000 

  0x0000022414669d38: ;   {runtime_call nmethod}
  0x0000022414669d38: e9fb ffff 

  0x0000022414669d3c: ;   {runtime_call ExceptionBlob}
  0x0000022414669d3c: ffe9 3e14 | 4dff e800 | 0000 0048 | 832c 2405 

  0x0000022414669d4c: ;   {runtime_call DeoptimizationBlob}
  0x0000022414669d4c: e94f a941 | fff4 f4f4 | f4f4 f4f4 
[/MachCode]


---------------  P R O C E S S  ---------------

Threads class SMR info:
_java_thread_list=0x0000022433f32a10, length=81, elements={
0x00000224093a58b0, 0x0000022420fe32e0, 0x0000022420fe3d40, 0x0000022420fe47a0,
0x0000022420fe5be0, 0x0000022421008a30, 0x00000224210122f0, 0x0000022421025f50,
0x000002242102dd70, 0x000002242104e820, 0x00000224214597b0, 0x0000022426e6a6b0,
0x000002242876a130, 0x0000022426904e30, 0x0000022426a14940, 0x0000022426a142b0,
0x0000022426a170a0, 0x000002242a22e770, 0x000002242a22da50, 0x000002242a22e0e0,
0x000002242cf0e810, 0x000002242c4b9180, 0x000002242c4b8460, 0x0000022434a6f810,
0x0000022434a6c390, 0x000002242a8ac5d0, 0x000002242a8ad980, 0x000002242e1de3d0,
0x000002242e1dd6b0, 0x000002242e1db5e0, 0x000002242e1dc300, 0x000002242e1daf50,
0x000002242e1df0f0, 0x000002242a0b93a0, 0x0000022434a6ddd0, 0x0000022434a6eaf0,
0x0000022434a6f180, 0x000002242b5860f0, 0x000002242b5881c0, 0x000002242b588850,
0x000002242d6cc220, 0x000002242b588ee0, 0x000002242b5874a0, 0x000002242b587b30,
0x000002242b585a60, 0x000002242b58a290, 0x000002242b58a920, 0x000002242b58c9f0,
0x000002242b58d080, 0x000002242e1faa80, 0x000002242e1fb110, 0x000002242e1f9d60,
0x000002242e1fe590, 0x000002242e1fcb50, 0x000002242e1fbe30, 0x000002242e1fb7a0,
0x000002242e1fdf00, 0x000002242e1ff2b0, 0x000002242e1fec20, 0x000002242e1ff940,
0x000002242e200660, 0x000002242e1fffd0, 0x000002242e1fd1e0, 0x000002242e200cf0,
0x000002242e1fd870, 0x000002242e203ae0, 0x000002242e203450, 0x000002242e201a10,
0x000002242e204170, 0x000002242e2020a0, 0x0000022428432340, 0x000002242e205bb0,
0x000002242e202730, 0x000002242e209030, 0x000002242e207c80, 0x000002242e208310,
0x000002242e206240, 0x000002242e206f60, 0x000002242e2075f0, 0x000002242e2089a0,
0x000002242e2068d0
}

Java Threads: ( => current thread )
  0x00000224093a58b0 JavaThread "main"                              [_thread_blocked, id=12172, stack(0x0000006f92200000,0x0000006f92300000) (1024K)]
  0x0000022420fe32e0 JavaThread "Common-Cleaner"             daemon [_thread_blocked, id=3576, stack(0x0000006f92a00000,0x0000006f92b00000) (1024K)]
  0x0000022420fe3d40 JavaThread "Reference Handler"          daemon [_thread_blocked, id=12852, stack(0x0000006f92b00000,0x0000006f92c00000) (1024K)]
  0x0000022420fe47a0 JavaThread "Finalizer"                  daemon [_thread_blocked, id=14580, stack(0x0000006f92c00000,0x0000006f92d00000) (1024K)]
  0x0000022420fe5be0 JavaThread "Signal Dispatcher"          daemon [_thread_blocked, id=6048, stack(0x0000006f92d00000,0x0000006f92e00000) (1024K)]
  0x0000022421008a30 JavaThread "Attach Listener"            daemon [_thread_blocked, id=7596, stack(0x0000006f92e00000,0x0000006f92f00000) (1024K)]
  0x00000224210122f0 JavaThread "Service Thread"             daemon [_thread_blocked, id=12396, stack(0x0000006f92f00000,0x0000006f93000000) (1024K)]
  0x0000022421025f50 JavaThread "Monitor Deflation Thread"   daemon [_thread_blocked, id=12256, stack(0x0000006f93000000,0x0000006f93100000) (1024K)]
  0x000002242102dd70 JavaThread "C2 CompilerThread0"         daemon [_thread_blocked, id=12516, stack(0x0000006f93100000,0x0000006f93200000) (1024K)]
  0x000002242104e820 JavaThread "C1 CompilerThread0"         daemon [_thread_blocked, id=9368, stack(0x0000006f93200000,0x0000006f93300000) (1024K)]
  0x00000224214597b0 JavaThread "Notification Thread"        daemon [_thread_blocked, id=11604, stack(0x0000006f93300000,0x0000006f93400000) (1024K)]
  0x0000022426e6a6b0 JavaThread "Daemon health stats"               [_thread_blocked, id=6544, stack(0x0000006f93b00000,0x0000006f93c00000) (1024K)]
  0x000002242876a130 JavaThread "Incoming local TCP Connector on port 61492"        [_thread_in_native, id=5664, stack(0x0000006f93c00000,0x0000006f93d00000) (1024K)]
  0x0000022426904e30 JavaThread "Daemon periodic checks"            [_thread_blocked, id=13668, stack(0x0000006f93d00000,0x0000006f93e00000) (1024K)]
  0x0000022426a14940 JavaThread "Cache worker for journal cache (C:\Users\gabov\.gradle\caches\journal-1)"        [_thread_blocked, id=1820, stack(0x0000006f94b00000,0x0000006f94c00000) (1024K)]
  0x0000022426a142b0 JavaThread "File lock request listener"        [_thread_in_native, id=8636, stack(0x0000006f94c00000,0x0000006f94d00000) (1024K)]
  0x0000022426a170a0 JavaThread "Cache worker for file hash cache (C:\Users\gabov\.gradle\caches\9.4.1\fileHashes)"        [_thread_blocked, id=3308, stack(0x0000006f94d00000,0x0000006f94e00000) (1024K)]
  0x000002242a22e770 JavaThread "Cache worker for file content cache (C:\Users\gabov\.gradle\caches\9.4.1\fileContent)"        [_thread_blocked, id=4440, stack(0x0000006f95100000,0x0000006f95200000) (1024K)]
  0x000002242a22da50 JavaThread "File watcher server"        daemon [_thread_blocked, id=14656, stack(0x0000006f95200000,0x0000006f95300000) (1024K)]
  0x000002242a22e0e0 JavaThread "File watcher consumer"      daemon [_thread_blocked, id=2424, stack(0x0000006f95300000,0x0000006f95400000) (1024K)]
  0x000002242cf0e810 JavaThread "Memory manager"                    [_thread_blocked, id=12600, stack(0x0000006f95600000,0x0000006f95700000) (1024K)]
  0x000002242c4b9180 JavaThread "Daemon Thread 2"                   [_thread_blocked, id=11824, stack(0x0000006f92000000,0x0000006f92100000) (1024K)]
  0x000002242c4b8460 JavaThread "Daemon worker Thread 2"            [_thread_blocked, id=1404, stack(0x0000006f93e00000,0x0000006f93f00000) (1024K)]
  0x0000022434a6f810 JavaThread "Periodic tasks thread"      daemon [_thread_blocked, id=4728, stack(0x0000006f96b00000,0x0000006f96c00000) (1024K)]
  0x0000022434a6c390 JavaThread "ApplicationImpl pooled thread 1" daemon [_thread_blocked, id=368, stack(0x0000006f96c00000,0x0000006f96d00000) (1024K)]
  0x000002242a8ac5d0 JavaThread "Java2D Disposer"            daemon [_thread_blocked, id=4104, stack(0x0000006f97100000,0x0000006f97200000) (1024K)]
  0x000002242a8ad980 JavaThread "AWT-Windows"                daemon [_thread_in_native, id=2368, stack(0x0000006f97300000,0x0000006f97400000) (1024K)]
  0x000002242e1de3d0 JavaThread "RMI Scheduler(0)"           daemon [_thread_blocked, id=12856, stack(0x0000006f94f00000,0x0000006f95000000) (1024K)]
  0x000002242e1dd6b0 JavaThread "RMI GC Daemon"              daemon [_thread_blocked, id=3352, stack(0x0000006f97600000,0x0000006f97700000) (1024K)]
  0x000002242e1db5e0 JavaThread "RMI TCP Accept-0"           daemon [_thread_in_native, id=7776, stack(0x0000006f97700000,0x0000006f97800000) (1024K)]
  0x000002242e1dc300 JavaThread "RMI Reaper"                        [_thread_blocked, id=6420, stack(0x0000006f97800000,0x0000006f97900000) (1024K)]
  0x000002242e1daf50 JavaThread "RMI TCP Connection(idle)"   daemon [_thread_blocked, id=14892, stack(0x0000006f97900000,0x0000006f97a00000) (1024K)]
  0x000002242e1df0f0 JavaThread "Cache worker for Java compile cache (C:\Users\gabov\.gradle\caches\9.4.1\javaCompile)"        [_thread_blocked, id=14304, stack(0x0000006f97a00000,0x0000006f97b00000) (1024K)]
  0x000002242a0b93a0 JavaThread "ForkJoinPool.commonPool-worker-14" daemon [_thread_blocked, id=15080, stack(0x0000006f98d00000,0x0000006f98e00000) (1024K)]
  0x0000022434a6ddd0 JavaThread "ForkJoinPool.commonPool-worker-16" daemon [_thread_blocked, id=14148, stack(0x0000006f98f00000,0x0000006f99000000) (1024K)]
  0x0000022434a6eaf0 JavaThread "ForkJoinPool.commonPool-worker-18" daemon [_thread_blocked, id=5652, stack(0x0000006f99100000,0x0000006f99200000) (1024K)]
  0x0000022434a6f180 JavaThread "ForkJoinPool.commonPool-worker-19" daemon [_thread_blocked, id=2976, stack(0x0000006f99200000,0x0000006f99300000) (1024K)]
  0x000002242b5860f0 JavaThread "VFS cleanup Thread 2"              [_thread_blocked, id=4632, stack(0x0000006f93f00000,0x0000006f94000000) (1024K)]
  0x000002242b5881c0 JavaThread "Handler for socket connection from /127.0.0.1:61492 to /127.0.0.1:64384"        [_thread_in_native, id=14120, stack(0x0000006f93400000,0x0000006f93500000) (1024K)]
  0x000002242b588850 JavaThread "Cancel handler"                    [_thread_blocked, id=3948, stack(0x0000006f93500000,0x0000006f93600000) (1024K)]
  0x000002242d6cc220 JavaThread "C2 CompilerThread1"         daemon [_thread_blocked, id=13252, stack(0x0000006f94000000,0x0000006f94100000) (1024K)]
  0x000002242b588ee0 JavaThread "Asynchronous log dispatcher for DefaultDaemonConnection: socket connection from /127.0.0.1:61492 to /127.0.0.1:64384"        [_thread_blocked, id=11568, stack(0x0000006f94200000,0x0000006f94300000) (1024K)]
  0x000002242b5874a0 JavaThread "Stdin handler"                     [_thread_blocked, id=9504, stack(0x0000006f94300000,0x0000006f94400000) (1024K)]
  0x000002242b587b30 JavaThread "Daemon client event forwarder"        [_thread_blocked, id=11124, stack(0x0000006f94400000,0x0000006f94500000) (1024K)]
  0x000002242b585a60 JavaThread "Cache worker for file hash cache (C:\Users\gabov\AndroidStudioProjects\EHTracker\.gradle\9.4.1\fileHashes)"        [_thread_blocked, id=10744, stack(0x0000006f94e00000,0x0000006f94f00000) (1024K)]
  0x000002242b58a290 JavaThread "Cache worker for checksums cache (C:\Users\gabov\AndroidStudioProjects\EHTracker\.gradle\9.4.1\checksums)"        [_thread_blocked, id=6532, stack(0x0000006f95000000,0x0000006f95100000) (1024K)]
  0x000002242b58a920 JavaThread "Cache worker for Build Output Cleanup Cache (C:\Users\gabov\AndroidStudioProjects\EHTracker\.gradle\buildOutputCleanup)"        [_thread_blocked, id=2240, stack(0x0000006f95400000,0x0000006f95500000) (1024K)]
  0x000002242b58c9f0 JavaThread "Cache worker for cache directory md-supplier (C:\Users\gabov\.gradle\caches\9.4.1\md-supplier)"        [_thread_blocked, id=12748, stack(0x0000006f95700000,0x0000006f95800000) (1024K)]
  0x000002242b58d080 JavaThread "Cache worker for cache directory md-rule (C:\Users\gabov\.gradle\caches\9.4.1\md-rule)"        [_thread_blocked, id=8244, stack(0x0000006f95800000,0x0000006f95900000) (1024K)]
  0x000002242e1faa80 JavaThread "build event listener"              [_thread_blocked, id=4272, stack(0x0000006f95900000,0x0000006f95a00000) (1024K)]
  0x000002242e1fb110 JavaThread "build event listener"              [_thread_blocked, id=10780, stack(0x0000006f95a00000,0x0000006f95b00000) (1024K)]
  0x000002242e1f9d60 JavaThread "Build operations"                  [_thread_blocked, id=9112, stack(0x0000006f95b00000,0x0000006f95c00000) (1024K)]
  0x000002242e1fe590 JavaThread "included builds"                   [_thread_blocked, id=5404, stack(0x0000006f95500000,0x0000006f95600000) (1024K)]
  0x000002242e1fcb50 JavaThread "Execution worker"                  [_thread_blocked, id=4332, stack(0x0000006f95c00000,0x0000006f95d00000) (1024K)]
  0x000002242e1fbe30 JavaThread "Execution worker Thread 2"         [_thread_blocked, id=5096, stack(0x0000006f95d00000,0x0000006f95e00000) (1024K)]
  0x000002242e1fb7a0 JavaThread "Execution worker Thread 3"         [_thread_blocked, id=12156, stack(0x0000006f95e00000,0x0000006f95f00000) (1024K)]
  0x000002242e1fdf00 JavaThread "Execution worker Thread 4"         [_thread_blocked, id=7248, stack(0x0000006f95f00000,0x0000006f96000000) (1024K)]
  0x000002242e1ff2b0 JavaThread "Execution worker Thread 5"         [_thread_blocked, id=7416, stack(0x0000006f96000000,0x0000006f96100000) (1024K)]
  0x000002242e1fec20 JavaThread "Execution worker Thread 6"         [_thread_blocked, id=14296, stack(0x0000006f96100000,0x0000006f96200000) (1024K)]
  0x000002242e1ff940 JavaThread "Execution worker Thread 7"         [_thread_blocked, id=2168, stack(0x0000006f96200000,0x0000006f96300000) (1024K)]
  0x000002242e200660 JavaThread "Execution worker Thread 8"         [_thread_blocked, id=2552, stack(0x0000006f96300000,0x0000006f96400000) (1024K)]
  0x000002242e1fffd0 JavaThread "Execution worker Thread 9"         [_thread_blocked, id=5680, stack(0x0000006f96400000,0x0000006f96500000) (1024K)]
  0x000002242e1fd1e0 JavaThread "Execution worker Thread 10"        [_thread_blocked, id=7672, stack(0x0000006f96500000,0x0000006f96600000) (1024K)]
  0x000002242e200cf0 JavaThread "Execution worker Thread 11"        [_thread_blocked, id=15128, stack(0x0000006f96600000,0x0000006f96700000) (1024K)]
  0x000002242e1fd870 JavaThread "Cache worker for execution history cache (C:\Users\gabov\AndroidStudioProjects\EHTracker\.gradle\9.4.1\executionHistory)"        [_thread_blocked, id=1728, stack(0x0000006f96700000,0x0000006f96800000) (1024K)]
  0x000002242e203ae0 JavaThread "WorkerExecutor Queue"              [_thread_blocked, id=14208, stack(0x0000006f96800000,0x0000006f96900000) (1024K)]
  0x000002242e203450 JavaThread "WorkerExecutor Queue Thread 2"        [_thread_blocked, id=6996, stack(0x0000006f96900000,0x0000006f96a00000) (1024K)]
  0x000002242e201a10 JavaThread "pool-9-thread-1"                   [_thread_blocked, id=1888, stack(0x0000006f96a00000,0x0000006f96b00000) (1024K)]
  0x000002242e204170 JavaThread "stderr"                            [_thread_in_native, id=11276, stack(0x0000006f96d00000,0x0000006f96e00000) (1024K)]
  0x000002242e2020a0 JavaThread "stdout"                            [_thread_in_native, id=12020, stack(0x0000006f96e00000,0x0000006f96f00000) (1024K)]
  0x0000022428432340 JavaThread "C2 CompilerThread2"         daemon [_thread_blocked, id=2516, stack(0x0000006f94100000,0x0000006f94200000) (1024K)]
  0x000002242e205bb0 JavaThread "WorkerExecutor Queue Thread 3"        [_thread_blocked, id=5612, stack(0x0000006f96f00000,0x0000006f97000000) (1024K)]
  0x000002242e202730 JavaThread "WorkerExecutor Queue Thread 4"        [_thread_blocked, id=6600, stack(0x0000006f97000000,0x0000006f97100000) (1024K)]
  0x000002242e209030 JavaThread "WorkerExecutor Queue Thread 5"        [_thread_blocked, id=8136, stack(0x0000006f97200000,0x0000006f97300000) (1024K)]
  0x000002242e207c80 JavaThread "WorkerExecutor Queue Thread 6"        [_thread_blocked, id=4656, stack(0x0000006f97400000,0x0000006f97500000) (1024K)]
=>0x000002242e208310 JavaThread "WorkerExecutor Queue Thread 7"        [_thread_in_Java, id=10032, stack(0x0000006f97500000,0x0000006f97600000) (1024K)]
  0x000002242e206240 JavaThread "WorkerExecutor Queue Thread 8"        [_thread_blocked, id=12224, stack(0x0000006f97b00000,0x0000006f97c00000) (1024K)]
  0x000002242e206f60 JavaThread "WorkerExecutor Queue Thread 9"        [_thread_blocked, id=5676, stack(0x0000006f97c00000,0x0000006f97d00000) (1024K)]
  0x000002242e2075f0 JavaThread "WorkerExecutor Queue Thread 10"        [_thread_blocked, id=13160, stack(0x0000006f97d00000,0x0000006f97e00000) (1024K)]
  0x000002242e2089a0 JavaThread "WorkerExecutor Queue Thread 11"        [_thread_blocked, id=6696, stack(0x0000006f97e00000,0x0000006f97f00000) (1024K)]
  0x000002242e2068d0 JavaThread "WorkerExecutor Queue Thread 12"        [_thread_blocked, id=14896, stack(0x0000006f97f00000,0x0000006f98000000) (1024K)]
Total: 81

Other Threads:
  0x0000022420ee9400 VMThread "VM Thread"                           [id=3272, stack(0x0000006f92900000,0x0000006f92a00000) (1024K)] _threads_hazard_ptr=0x0000022433f32a10
  0x0000022420e88160 WatcherThread "VM Periodic Task Thread"        [id=5812, stack(0x0000006f92800000,0x0000006f92900000) (1024K)]
  0x00000224093fda40 WorkerThread "GC Thread#0"                     [id=5640, stack(0x0000006f92300000,0x0000006f92400000) (1024K)]
  0x0000022426286670 WorkerThread "GC Thread#1"                     [id=7176, stack(0x0000006f93600000,0x0000006f93700000) (1024K)]
  0x0000022426286a20 WorkerThread "GC Thread#2"                     [id=1428, stack(0x0000006f93700000,0x0000006f93800000) (1024K)]
  0x00000224266c11b0 WorkerThread "GC Thread#3"                     [id=11204, stack(0x0000006f93800000,0x0000006f93900000) (1024K)]
  0x00000224267f7730 WorkerThread "GC Thread#4"                     [id=6796, stack(0x0000006f93900000,0x0000006f93a00000) (1024K)]
  0x00000224267f7ae0 WorkerThread "GC Thread#5"                     [id=3860, stack(0x0000006f93a00000,0x0000006f93b00000) (1024K)]
  0x000002242766f380 WorkerThread "GC Thread#6"                     [id=1744, stack(0x0000006f94500000,0x0000006f94600000) (1024K)]
  0x000002242766e4c0 WorkerThread "GC Thread#7"                     [id=8420, stack(0x0000006f94600000,0x0000006f94700000) (1024K)]
  0x000002242766ec20 WorkerThread "GC Thread#8"                     [id=12292, stack(0x0000006f94700000,0x0000006f94800000) (1024K)]
  0x000002242766efd0 WorkerThread "GC Thread#9"                     [id=8804, stack(0x0000006f94800000,0x0000006f94900000) (1024K)]
  0x000002240940f150 ConcurrentGCThread "G1 Main Marker"            [id=3532, stack(0x0000006f92400000,0x0000006f92500000) (1024K)]
  0x0000022409411a60 WorkerThread "G1 Conc#0"                       [id=11468, stack(0x0000006f92500000,0x0000006f92600000) (1024K)]
  0x000002242766f730 WorkerThread "G1 Conc#1"                       [id=12148, stack(0x0000006f94900000,0x0000006f94a00000) (1024K)]
  0x000002242766fae0 WorkerThread "G1 Conc#2"                       [id=12508, stack(0x0000006f94a00000,0x0000006f94b00000) (1024K)]
  0x0000022420dd6b30 ConcurrentGCThread "G1 Refine#0"               [id=7160, stack(0x0000006f92600000,0x0000006f92700000) (1024K)]
  0x0000022420dd7360 ConcurrentGCThread "G1 Service"                [id=3052, stack(0x0000006f92700000,0x0000006f92800000) (1024K)]
Total: 18

Threads with active compile tasks:
C2 CompilerThread0  372519 37426 %     4       com.android.tools.r8.internal.a52::a @ 587 (972 bytes)
C2 CompilerThread1  372520 36915       4       com.android.tools.r8.internal.md::m (12 bytes)
C2 CompilerThread2  372520 37187       4       com.android.tools.r8.internal.ic0::a (632 bytes)
Total: 3

VM state: synchronizing (normal execution)

VM Mutex/Monitor currently owned by a thread:  ([mutex/lock_event])
[0x00007ffdfc1f86d0] Threads_lock - owner thread: 0x0000022420ee9400
[0x00007ffdfc1f87d0] Heap_lock - owner thread: 0x000002242a22da50

Heap address: 0x0000000080000000, size: 2048 MB, Compressed Oops mode: 32-bit

CDS archive(s) not mapped
Compressed class space mapped at: 0x0000000100000000-0x0000000140000000, reserved size: 1073741824
Narrow klass base: 0x0000000000000000, Narrow klass shift: 3, Narrow klass range: 0x140000000

GC Precious Log:
 CardTable entry size: 512
 Card Set container configuration: InlinePtr #cards 5 size 8 Array Of Cards #cards 12 size 40 Howl #buckets 4 coarsen threshold 1843 Howl Bitmap #cards 512 size 80 coarsen threshold 460 Card regions per heap region 1 cards per card region 2048
 CPUs: 12 total, 12 available
 Memory: 16313M
 Large Page Support: Disabled
 NUMA Support: Disabled
 Compressed Oops: Enabled (32-bit)
 Heap Region Size: 1M
 Heap Min Capacity: 8M
 Heap Initial Capacity: 256M
 Heap Max Capacity: 2G
 Pre-touch: Disabled
 Parallel Workers: 10
 Concurrent Workers: 3
 Concurrent Refinement Workers: 10
 Periodic GC: Disabled

Heap:
 garbage-first heap   total 649216K, used 590993K [0x0000000080000000, 0x0000000100000000)
  region size 1024K, 380 young (389120K), 17 survivors (17408K)
 Metaspace       used 181584K, committed 184000K, reserved 1245184K
  class space    used 24735K, committed 25984K, reserved 1048576K

Heap Regions: E=young(eden), S=young(survivor), O=old, HS=humongous(starts), HC=humongous(continues), CS=collection set, F=free, TAMS=top-at-mark-start, PB=parsable bottom
|   0|0x0000000080000000, 0x0000000080100000, 0x0000000080100000|100%|HS|  |TAMS 0x0000000080000000| PB 0x0000000080000000| Complete 
|   1|0x0000000080100000, 0x0000000080200000, 0x0000000080200000|100%|HC|  |TAMS 0x0000000080100000| PB 0x0000000080100000| Complete 
|   2|0x0000000080200000, 0x0000000080300000, 0x0000000080300000|100%|HC|  |TAMS 0x0000000080200000| PB 0x0000000080200000| Complete 
|   3|0x0000000080300000, 0x0000000080400000, 0x0000000080400000|100%|HC|  |TAMS 0x0000000080300000| PB 0x0000000080300000| Complete 
|   4|0x0000000080400000, 0x0000000080500000, 0x0000000080500000|100%| O|  |TAMS 0x0000000080400000| PB 0x0000000080400000| Untracked 
|   5|0x0000000080500000, 0x0000000080600000, 0x0000000080600000|100%| O|  |TAMS 0x0000000080500000| PB 0x0000000080500000| Untracked 
|   6|0x0000000080600000, 0x0000000080700000, 0x0000000080700000|100%| O|  |TAMS 0x0000000080600000| PB 0x0000000080600000| Untracked 
|   7|0x0000000080700000, 0x0000000080800000, 0x0000000080800000|100%| O|  |TAMS 0x0000000080700000| PB 0x0000000080700000| Untracked 
|   8|0x0000000080800000, 0x0000000080900000, 0x0000000080900000|100%| O|  |TAMS 0x0000000080800000| PB 0x0000000080800000| Untracked 
|   9|0x0000000080900000, 0x0000000080a00000, 0x0000000080a00000|100%| O|  |TAMS 0x0000000080900000| PB 0x0000000080900000| Untracked 
|  10|0x0000000080a00000, 0x0000000080b00000, 0x0000000080b00000|100%| O|  |TAMS 0x0000000080a00000| PB 0x0000000080a00000| Untracked 
|  11|0x0000000080b00000, 0x0000000080c00000, 0x0000000080c00000|100%|HS|  |TAMS 0x0000000080b00000| PB 0x0000000080b00000| Complete 
|  12|0x0000000080c00000, 0x0000000080d00000, 0x0000000080d00000|100%| O|  |TAMS 0x0000000080c00000| PB 0x0000000080c00000| Untracked 
|  13|0x0000000080d00000, 0x0000000080e00000, 0x0000000080e00000|100%| O|  |TAMS 0x0000000080d00000| PB 0x0000000080d00000| Untracked 
|  14|0x0000000080e00000, 0x0000000080f00000, 0x0000000080f00000|100%| O|  |TAMS 0x0000000080e00000| PB 0x0000000080e00000| Untracked 
|  15|0x0000000080f00000, 0x0000000081000000, 0x0000000081000000|100%| O|  |TAMS 0x0000000080f00000| PB 0x0000000080f00000| Untracked 
|  16|0x0000000081000000, 0x0000000081100000, 0x0000000081100000|100%| O|  |TAMS 0x0000000081000000| PB 0x0000000081000000| Untracked 
|  17|0x0000000081100000, 0x0000000081200000, 0x0000000081200000|100%| O|  |TAMS 0x0000000081100000| PB 0x0000000081100000| Untracked 
|  18|0x0000000081200000, 0x0000000081300000, 0x0000000081300000|100%| O|  |TAMS 0x0000000081200000| PB 0x0000000081200000| Untracked 
|  19|0x0000000081300000, 0x0000000081400000, 0x0000000081400000|100%| O|  |TAMS 0x0000000081300000| PB 0x0000000081300000| Untracked 
|  20|0x0000000081400000, 0x0000000081500000, 0x0000000081500000|100%| O|  |TAMS 0x0000000081400000| PB 0x0000000081400000| Untracked 
|  21|0x0000000081500000, 0x0000000081600000, 0x0000000081600000|100%| O|  |TAMS 0x0000000081500000| PB 0x0000000081500000| Untracked 
|  22|0x0000000081600000, 0x0000000081700000, 0x0000000081700000|100%| O|  |TAMS 0x0000000081600000| PB 0x0000000081600000| Untracked 
|  23|0x0000000081700000, 0x0000000081800000, 0x0000000081800000|100%|HS|  |TAMS 0x0000000081700000| PB 0x0000000081700000| Complete 
|  24|0x0000000081800000, 0x0000000081900000, 0x0000000081900000|100%|HS|  |TAMS 0x0000000081800000| PB 0x0000000081800000| Complete 
|  25|0x0000000081900000, 0x0000000081a00000, 0x0000000081a00000|100%|HS|  |TAMS 0x0000000081900000| PB 0x0000000081900000| Complete 
|  26|0x0000000081a00000, 0x0000000081b00000, 0x0000000081b00000|100%|HS|  |TAMS 0x0000000081a00000| PB 0x0000000081a00000| Complete 
|  27|0x0000000081b00000, 0x0000000081c00000, 0x0000000081c00000|100%|HC|  |TAMS 0x0000000081b00000| PB 0x0000000081b00000| Complete 
|  28|0x0000000081c00000, 0x0000000081d00000, 0x0000000081d00000|100%|HS|  |TAMS 0x0000000081c00000| PB 0x0000000081c00000| Complete 
|  29|0x0000000081d00000, 0x0000000081e00000, 0x0000000081e00000|100%| O|  |TAMS 0x0000000081d00000| PB 0x0000000081d00000| Untracked 
|  30|0x0000000081e00000, 0x0000000081f00000, 0x0000000081f00000|100%| O|  |TAMS 0x0000000081e00000| PB 0x0000000081e00000| Untracked 
|  31|0x0000000081f00000, 0x0000000082000000, 0x0000000082000000|100%| O|  |TAMS 0x0000000081f00000| PB 0x0000000081f00000| Untracked 
|  32|0x0000000082000000, 0x0000000082100000, 0x0000000082100000|100%| O|  |TAMS 0x0000000082000000| PB 0x0000000082000000| Untracked 
|  33|0x0000000082100000, 0x0000000082200000, 0x0000000082200000|100%| O|  |TAMS 0x0000000082100000| PB 0x0000000082100000| Untracked 
|  34|0x0000000082200000, 0x0000000082300000, 0x0000000082300000|100%| O|  |TAMS 0x0000000082200000| PB 0x0000000082200000| Untracked 
|  35|0x0000000082300000, 0x0000000082400000, 0x0000000082400000|100%|HS|  |TAMS 0x0000000082300000| PB 0x0000000082300000| Complete 
|  36|0x0000000082400000, 0x0000000082500000, 0x0000000082500000|100%|HC|  |TAMS 0x0000000082400000| PB 0x0000000082400000| Complete 
|  37|0x0000000082500000, 0x0000000082600000, 0x0000000082600000|100%|HS|  |TAMS 0x0000000082500000| PB 0x0000000082500000| Complete 
|  38|0x0000000082600000, 0x0000000082700000, 0x0000000082700000|100%|HS|  |TAMS 0x0000000082600000| PB 0x0000000082600000| Complete 
|  39|0x0000000082700000, 0x0000000082800000, 0x0000000082800000|100%| O|  |TAMS 0x0000000082700000| PB 0x0000000082700000| Untracked 
|  40|0x0000000082800000, 0x0000000082900000, 0x0000000082900000|100%| O|  |TAMS 0x0000000082800000| PB 0x0000000082800000| Untracked 
|  41|0x0000000082900000, 0x0000000082a00000, 0x0000000082a00000|100%| O|  |TAMS 0x0000000082900000| PB 0x0000000082900000| Untracked 
|  42|0x0000000082a00000, 0x0000000082b00000, 0x0000000082b00000|100%| O|  |TAMS 0x0000000082a00000| PB 0x0000000082a00000| Untracked 
|  43|0x0000000082b00000, 0x0000000082c00000, 0x0000000082c00000|100%| O|  |TAMS 0x0000000082b00000| PB 0x0000000082b00000| Untracked 
|  44|0x0000000082c00000, 0x0000000082d00000, 0x0000000082d00000|100%| O|  |TAMS 0x0000000082c00000| PB 0x0000000082c00000| Untracked 
|  45|0x0000000082d00000, 0x0000000082e00000, 0x0000000082e00000|100%| O|  |TAMS 0x0000000082d00000| PB 0x0000000082d00000| Untracked 
|  46|0x0000000082e00000, 0x0000000082f00000, 0x0000000082f00000|100%| O|  |TAMS 0x0000000082e00000| PB 0x0000000082e00000| Untracked 
|  47|0x0000000082f00000, 0x0000000083000000, 0x0000000083000000|100%| O|  |TAMS 0x0000000082f00000| PB 0x0000000082f00000| Untracked 
|  48|0x0000000083000000, 0x0000000083100000, 0x0000000083100000|100%| O|  |TAMS 0x0000000083000000| PB 0x0000000083000000| Untracked 
|  49|0x0000000083100000, 0x0000000083200000, 0x0000000083200000|100%| O|  |TAMS 0x0000000083100000| PB 0x0000000083100000| Untracked 
|  50|0x0000000083200000, 0x0000000083300000, 0x0000000083300000|100%| O|  |TAMS 0x0000000083200000| PB 0x0000000083200000| Untracked 
|  51|0x0000000083300000, 0x0000000083400000, 0x0000000083400000|100%| O|  |TAMS 0x0000000083300000| PB 0x0000000083300000| Untracked 
|  52|0x0000000083400000, 0x0000000083500000, 0x0000000083500000|100%| O|  |TAMS 0x0000000083400000| PB 0x0000000083400000| Untracked 
|  53|0x0000000083500000, 0x0000000083600000, 0x0000000083600000|100%| O|  |TAMS 0x0000000083500000| PB 0x0000000083500000| Untracked 
|  54|0x0000000083600000, 0x0000000083700000, 0x0000000083700000|100%| O|  |TAMS 0x0000000083600000| PB 0x0000000083600000| Untracked 
|  55|0x0000000083700000, 0x0000000083800000, 0x0000000083800000|100%| O|  |TAMS 0x0000000083700000| PB 0x0000000083700000| Untracked 
|  56|0x0000000083800000, 0x0000000083900000, 0x0000000083900000|100%| O|  |TAMS 0x0000000083800000| PB 0x0000000083800000| Untracked 
|  57|0x0000000083900000, 0x0000000083a00000, 0x0000000083a00000|100%| O|  |TAMS 0x0000000083900000| PB 0x0000000083900000| Untracked 
|  58|0x0000000083a00000, 0x0000000083b00000, 0x0000000083b00000|100%| O|  |TAMS 0x0000000083a00000| PB 0x0000000083a00000| Untracked 
|  59|0x0000000083b00000, 0x0000000083c00000, 0x0000000083c00000|100%| O|  |TAMS 0x0000000083b00000| PB 0x0000000083b00000| Untracked 
|  60|0x0000000083c00000, 0x0000000083d00000, 0x0000000083d00000|100%| O|  |TAMS 0x0000000083c00000| PB 0x0000000083c00000| Untracked 
|  61|0x0000000083d00000, 0x0000000083e00000, 0x0000000083e00000|100%| O|  |TAMS 0x0000000083d00000| PB 0x0000000083d00000| Untracked 
|  62|0x0000000083e00000, 0x0000000083f00000, 0x0000000083f00000|100%| O|  |TAMS 0x0000000083e00000| PB 0x0000000083e00000| Untracked 
|  63|0x0000000083f00000, 0x0000000084000000, 0x0000000084000000|100%| O|  |TAMS 0x0000000083f00000| PB 0x0000000083f00000| Untracked 
|  64|0x0000000084000000, 0x0000000084000000, 0x0000000084100000|  0%| F|  |TAMS 0x0000000084000000| PB 0x0000000084000000| Untracked 
|  65|0x0000000084100000, 0x0000000084100000, 0x0000000084200000|  0%| F|  |TAMS 0x0000000084100000| PB 0x0000000084100000| Untracked 
|  66|0x0000000084200000, 0x0000000084300000, 0x0000000084300000|100%| O|  |TAMS 0x0000000084200000| PB 0x0000000084200000| Untracked 
|  67|0x0000000084300000, 0x0000000084300000, 0x0000000084400000|  0%| F|  |TAMS 0x0000000084300000| PB 0x0000000084300000| Untracked 
|  68|0x0000000084400000, 0x0000000084500000, 0x0000000084500000|100%| O|  |TAMS 0x0000000084400000| PB 0x0000000084400000| Untracked 
|  69|0x0000000084500000, 0x0000000084600000, 0x0000000084600000|100%| O|  |TAMS 0x0000000084500000| PB 0x0000000084500000| Untracked 
|  70|0x0000000084600000, 0x0000000084700000, 0x0000000084700000|100%| O|  |TAMS 0x0000000084600000| PB 0x0000000084600000| Untracked 
|  71|0x0000000084700000, 0x0000000084800000, 0x0000000084800000|100%| O|  |TAMS 0x0000000084700000| PB 0x0000000084700000| Untracked 
|  72|0x0000000084800000, 0x0000000084800000, 0x0000000084900000|  0%| F|  |TAMS 0x0000000084800000| PB 0x0000000084800000| Untracked 
|  73|0x0000000084900000, 0x0000000084a00000, 0x0000000084a00000|100%| O|  |TAMS 0x0000000084900000| PB 0x0000000084900000| Untracked 
|  74|0x0000000084a00000, 0x0000000084b00000, 0x0000000084b00000|100%| O|  |TAMS 0x0000000084a00000| PB 0x0000000084a00000| Untracked 
|  75|0x0000000084b00000, 0x0000000084b00000, 0x0000000084c00000|  0%| F|  |TAMS 0x0000000084b00000| PB 0x0000000084b00000| Untracked 
|  76|0x0000000084c00000, 0x0000000084d00000, 0x0000000084d00000|100%| O|  |TAMS 0x0000000084c00000| PB 0x0000000084c00000| Untracked 
|  77|0x0000000084d00000, 0x0000000084e00000, 0x0000000084e00000|100%| O|  |TAMS 0x0000000084d00000| PB 0x0000000084d00000| Untracked 
|  78|0x0000000084e00000, 0x0000000084f00000, 0x0000000084f00000|100%| O|  |TAMS 0x0000000084e00000| PB 0x0000000084e00000| Untracked 
|  79|0x0000000084f00000, 0x0000000085000000, 0x0000000085000000|100%| O|  |TAMS 0x0000000084f00000| PB 0x0000000084f00000| Untracked 
|  80|0x0000000085000000, 0x0000000085100000, 0x0000000085100000|100%| O|  |TAMS 0x0000000085000000| PB 0x0000000085000000| Untracked 
|  81|0x0000000085100000, 0x0000000085200000, 0x0000000085200000|100%| O|  |TAMS 0x0000000085100000| PB 0x0000000085100000| Untracked 
|  82|0x0000000085200000, 0x0000000085300000, 0x0000000085300000|100%| O|  |TAMS 0x0000000085200000| PB 0x0000000085200000| Untracked 
|  83|0x0000000085300000, 0x0000000085400000, 0x0000000085400000|100%| O|  |TAMS 0x0000000085300000| PB 0x0000000085300000| Untracked 
|  84|0x0000000085400000, 0x0000000085500000, 0x0000000085500000|100%| O|  |TAMS 0x0000000085400000| PB 0x0000000085400000| Untracked 
|  85|0x0000000085500000, 0x0000000085600000, 0x0000000085600000|100%| O|  |TAMS 0x0000000085500000| PB 0x0000000085500000| Untracked 
|  86|0x0000000085600000, 0x0000000085700000, 0x0000000085700000|100%| O|  |TAMS 0x0000000085600000| PB 0x0000000085600000| Untracked 
|  87|0x0000000085700000, 0x0000000085800000, 0x0000000085800000|100%| O|  |TAMS 0x0000000085700000| PB 0x0000000085700000| Untracked 
|  88|0x0000000085800000, 0x0000000085900000, 0x0000000085900000|100%| O|  |TAMS 0x0000000085800000| PB 0x0000000085800000| Untracked 
|  89|0x0000000085900000, 0x0000000085900000, 0x0000000085a00000|  0%| F|  |TAMS 0x0000000085900000| PB 0x0000000085900000| Untracked 
|  90|0x0000000085a00000, 0x0000000085b00000, 0x0000000085b00000|100%| O|  |TAMS 0x0000000085a00000| PB 0x0000000085a00000| Untracked 
|  91|0x0000000085b00000, 0x0000000085c00000, 0x0000000085c00000|100%| O|  |TAMS 0x0000000085b00000| PB 0x0000000085b00000| Untracked 
|  92|0x0000000085c00000, 0x0000000085d00000, 0x0000000085d00000|100%| O|  |TAMS 0x0000000085c00000| PB 0x0000000085c00000| Untracked 
|  93|0x0000000085d00000, 0x0000000085e00000, 0x0000000085e00000|100%| O|  |TAMS 0x0000000085d00000| PB 0x0000000085d00000| Untracked 
|  94|0x0000000085e00000, 0x0000000085f00000, 0x0000000085f00000|100%| O|  |TAMS 0x0000000085e00000| PB 0x0000000085e00000| Untracked 
|  95|0x0000000085f00000, 0x0000000086000000, 0x0000000086000000|100%| O|  |TAMS 0x0000000085f00000| PB 0x0000000085f00000| Untracked 
|  96|0x0000000086000000, 0x0000000086100000, 0x0000000086100000|100%| O|  |TAMS 0x0000000086000000| PB 0x0000000086000000| Untracked 
|  97|0x0000000086100000, 0x0000000086200000, 0x0000000086200000|100%| O|  |TAMS 0x0000000086100000| PB 0x0000000086100000| Untracked 
|  98|0x0000000086200000, 0x0000000086300000, 0x0000000086300000|100%| O|  |TAMS 0x0000000086200000| PB 0x0000000086200000| Untracked 
|  99|0x0000000086300000, 0x0000000086400000, 0x0000000086400000|100%| O|  |TAMS 0x0000000086300000| PB 0x0000000086300000| Untracked 
| 100|0x0000000086400000, 0x0000000086500000, 0x0000000086500000|100%| O|  |TAMS 0x0000000086400000| PB 0x0000000086400000| Untracked 
| 101|0x0000000086500000, 0x0000000086600000, 0x0000000086600000|100%| O|  |TAMS 0x0000000086500000| PB 0x0000000086500000| Untracked 
| 102|0x0000000086600000, 0x0000000086700000, 0x0000000086700000|100%| O|  |TAMS 0x0000000086600000| PB 0x0000000086600000| Untracked 
| 103|0x0000000086700000, 0x0000000086800000, 0x0000000086800000|100%| O|  |TAMS 0x0000000086700000| PB 0x0000000086700000| Untracked 
| 104|0x0000000086800000, 0x0000000086900000, 0x0000000086900000|100%| O|  |TAMS 0x0000000086800000| PB 0x0000000086800000| Untracked 
| 105|0x0000000086900000, 0x0000000086a00000, 0x0000000086a00000|100%| O|  |TAMS 0x0000000086900000| PB 0x0000000086900000| Untracked 
| 106|0x0000000086a00000, 0x0000000086b00000, 0x0000000086b00000|100%| O|  |TAMS 0x0000000086a00000| PB 0x0000000086a00000| Untracked 
| 107|0x0000000086b00000, 0x0000000086c00000, 0x0000000086c00000|100%| O|  |TAMS 0x0000000086b00000| PB 0x0000000086b00000| Untracked 
| 108|0x0000000086c00000, 0x0000000086d00000, 0x0000000086d00000|100%| O|  |TAMS 0x0000000086c00000| PB 0x0000000086c00000| Untracked 
| 109|0x0000000086d00000, 0x0000000086e00000, 0x0000000086e00000|100%| O|  |TAMS 0x0000000086d00000| PB 0x0000000086d00000| Untracked 
| 110|0x0000000086e00000, 0x0000000086f00000, 0x0000000086f00000|100%| O|  |TAMS 0x0000000086e00000| PB 0x0000000086e00000| Untracked 
| 111|0x0000000086f00000, 0x0000000087000000, 0x0000000087000000|100%| O|  |TAMS 0x0000000086f00000| PB 0x0000000086f00000| Untracked 
| 112|0x0000000087000000, 0x0000000087000000, 0x0000000087100000|  0%| F|  |TAMS 0x0000000087000000| PB 0x0000000087000000| Untracked 
| 113|0x0000000087100000, 0x0000000087200000, 0x0000000087200000|100%| O|  |TAMS 0x0000000087100000| PB 0x0000000087100000| Untracked 
| 114|0x0000000087200000, 0x0000000087300000, 0x0000000087300000|100%| O|  |TAMS 0x0000000087200000| PB 0x0000000087200000| Untracked 
| 115|0x0000000087300000, 0x0000000087400000, 0x0000000087400000|100%| O|  |TAMS 0x0000000087300000| PB 0x0000000087300000| Untracked 
| 116|0x0000000087400000, 0x0000000087500000, 0x0000000087500000|100%| O|  |TAMS 0x0000000087400000| PB 0x0000000087400000| Untracked 
| 117|0x0000000087500000, 0x0000000087600000, 0x0000000087600000|100%| O|  |TAMS 0x0000000087500000| PB 0x0000000087500000| Untracked 
| 118|0x0000000087600000, 0x0000000087700000, 0x0000000087700000|100%| O|  |TAMS 0x0000000087600000| PB 0x0000000087600000| Untracked 
| 119|0x0000000087700000, 0x0000000087800000, 0x0000000087800000|100%| O|  |TAMS 0x0000000087700000| PB 0x0000000087700000| Untracked 
| 120|0x0000000087800000, 0x0000000087900000, 0x0000000087900000|100%| O|  |TAMS 0x0000000087800000| PB 0x0000000087800000| Untracked 
| 121|0x0000000087900000, 0x0000000087a00000, 0x0000000087a00000|100%| O|  |TAMS 0x0000000087900000| PB 0x0000000087900000| Untracked 
| 122|0x0000000087a00000, 0x0000000087b00000, 0x0000000087b00000|100%| O|  |TAMS 0x0000000087a00000| PB 0x0000000087a00000| Untracked 
| 123|0x0000000087b00000, 0x0000000087c00000, 0x0000000087c00000|100%| O|  |TAMS 0x0000000087b00000| PB 0x0000000087b00000| Untracked 
| 124|0x0000000087c00000, 0x0000000087ca47d0, 0x0000000087d00000| 64%| O|  |TAMS 0x0000000087c00000| PB 0x0000000087c00000| Untracked 
| 125|0x0000000087d00000, 0x0000000087d00000, 0x0000000087e00000|  0%| F|  |TAMS 0x0000000087d00000| PB 0x0000000087d00000| Untracked 
| 126|0x0000000087e00000, 0x0000000087f00000, 0x0000000087f00000|100%| O|  |TAMS 0x0000000087e00000| PB 0x0000000087e00000| Untracked 
| 127|0x0000000087f00000, 0x0000000088000000, 0x0000000088000000|100%| O|  |TAMS 0x0000000087f00000| PB 0x0000000087f00000| Untracked 
| 128|0x0000000088000000, 0x0000000088100000, 0x0000000088100000|100%| O|  |TAMS 0x0000000088000000| PB 0x0000000088000000| Untracked 
| 129|0x0000000088100000, 0x0000000088200000, 0x0000000088200000|100%| O|  |TAMS 0x0000000088100000| PB 0x0000000088100000| Untracked 
| 130|0x0000000088200000, 0x0000000088300000, 0x0000000088300000|100%| O|  |TAMS 0x0000000088200000| PB 0x0000000088200000| Untracked 
| 131|0x0000000088300000, 0x0000000088400000, 0x0000000088400000|100%| O|  |TAMS 0x0000000088300000| PB 0x0000000088300000| Untracked 
| 132|0x0000000088400000, 0x0000000088500000, 0x0000000088500000|100%| S|CS|TAMS 0x0000000088400000| PB 0x0000000088400000| Complete 
| 133|0x0000000088500000, 0x0000000088600000, 0x0000000088600000|100%| O|  |TAMS 0x0000000088500000| PB 0x0000000088500000| Untracked 
| 134|0x0000000088600000, 0x0000000088600000, 0x0000000088700000|  0%| F|  |TAMS 0x0000000088600000| PB 0x0000000088600000| Untracked 
| 135|0x0000000088700000, 0x0000000088800000, 0x0000000088800000|100%|HS|  |TAMS 0x0000000088700000| PB 0x0000000088700000| Complete 
| 136|0x0000000088800000, 0x0000000088900000, 0x0000000088900000|100%| O|  |TAMS 0x0000000088800000| PB 0x0000000088800000| Untracked 
| 137|0x0000000088900000, 0x0000000088a00000, 0x0000000088a00000|100%| O|  |TAMS 0x0000000088900000| PB 0x0000000088900000| Untracked 
| 138|0x0000000088a00000, 0x0000000088b00000, 0x0000000088b00000|100%| O|  |TAMS 0x0000000088a00000| PB 0x0000000088a00000| Untracked 
| 139|0x0000000088b00000, 0x0000000088b00000, 0x0000000088c00000|  0%| F|  |TAMS 0x0000000088b00000| PB 0x0000000088b00000| Untracked 
| 140|0x0000000088c00000, 0x0000000088d00000, 0x0000000088d00000|100%| O|  |TAMS 0x0000000088c00000| PB 0x0000000088c00000| Untracked 
| 141|0x0000000088d00000, 0x0000000088d00000, 0x0000000088e00000|  0%| F|  |TAMS 0x0000000088d00000| PB 0x0000000088d00000| Untracked 
| 142|0x0000000088e00000, 0x0000000088f00000, 0x0000000088f00000|100%| S|CS|TAMS 0x0000000088e00000| PB 0x0000000088e00000| Complete 
| 143|0x0000000088f00000, 0x0000000089000000, 0x0000000089000000|100%| O|  |TAMS 0x0000000088f00000| PB 0x0000000088f00000| Untracked 
| 144|0x0000000089000000, 0x0000000089100000, 0x0000000089100000|100%|HS|  |TAMS 0x0000000089000000| PB 0x0000000089000000| Complete 
| 145|0x0000000089100000, 0x0000000089200000, 0x0000000089200000|100%|HC|  |TAMS 0x0000000089100000| PB 0x0000000089100000| Complete 
| 146|0x0000000089200000, 0x0000000089300000, 0x0000000089300000|100%|HC|  |TAMS 0x0000000089200000| PB 0x0000000089200000| Complete 
| 147|0x0000000089300000, 0x0000000089400000, 0x0000000089400000|100%|HC|  |TAMS 0x0000000089300000| PB 0x0000000089300000| Complete 
| 148|0x0000000089400000, 0x0000000089400000, 0x0000000089500000|  0%| F|  |TAMS 0x0000000089400000| PB 0x0000000089400000| Untracked 
| 149|0x0000000089500000, 0x0000000089600000, 0x0000000089600000|100%| S|CS|TAMS 0x0000000089500000| PB 0x0000000089500000| Complete 
| 150|0x0000000089600000, 0x0000000089700000, 0x0000000089700000|100%| S|CS|TAMS 0x0000000089600000| PB 0x0000000089600000| Complete 
| 151|0x0000000089700000, 0x0000000089700000, 0x0000000089800000|  0%| F|  |TAMS 0x0000000089700000| PB 0x0000000089700000| Untracked 
| 152|0x0000000089800000, 0x0000000089900000, 0x0000000089900000|100%| O|  |TAMS 0x0000000089800000| PB 0x0000000089800000| Untracked 
| 153|0x0000000089900000, 0x0000000089a00000, 0x0000000089a00000|100%| S|CS|TAMS 0x0000000089900000| PB 0x0000000089900000| Complete 
| 154|0x0000000089a00000, 0x0000000089b00000, 0x0000000089b00000|100%| O|  |TAMS 0x0000000089a00000| PB 0x0000000089a00000| Untracked 
| 155|0x0000000089b00000, 0x0000000089c00000, 0x0000000089c00000|100%| O|  |TAMS 0x0000000089b00000| PB 0x0000000089b00000| Untracked 
| 156|0x0000000089c00000, 0x0000000089d00000, 0x0000000089d00000|100%| O|  |TAMS 0x0000000089c00000| PB 0x0000000089c00000| Untracked 
| 157|0x0000000089d00000, 0x0000000089e00000, 0x0000000089e00000|100%| O|  |TAMS 0x0000000089d00000| PB 0x0000000089d00000| Untracked 
| 158|0x0000000089e00000, 0x0000000089e00000, 0x0000000089f00000|  0%| F|  |TAMS 0x0000000089e00000| PB 0x0000000089e00000| Untracked 
| 159|0x0000000089f00000, 0x000000008a000000, 0x000000008a000000|100%| O|  |TAMS 0x0000000089f00000| PB 0x0000000089f00000| Untracked 
| 160|0x000000008a000000, 0x000000008a100000, 0x000000008a100000|100%| O|  |TAMS 0x000000008a000000| PB 0x000000008a000000| Untracked 
| 161|0x000000008a100000, 0x000000008a200000, 0x000000008a200000|100%| O|  |TAMS 0x000000008a100000| PB 0x000000008a100000| Untracked 
| 162|0x000000008a200000, 0x000000008a300000, 0x000000008a300000|100%| S|CS|TAMS 0x000000008a200000| PB 0x000000008a200000| Complete 
| 163|0x000000008a300000, 0x000000008a400000, 0x000000008a400000|100%| O|  |TAMS 0x000000008a300000| PB 0x000000008a300000| Untracked 
| 164|0x000000008a400000, 0x000000008a500000, 0x000000008a500000|100%| O|  |TAMS 0x000000008a400000| PB 0x000000008a400000| Untracked 
| 165|0x000000008a500000, 0x000000008a600000, 0x000000008a600000|100%| O|  |TAMS 0x000000008a500000| PB 0x000000008a500000| Untracked 
| 166|0x000000008a600000, 0x000000008a700000, 0x000000008a700000|100%| O|  |TAMS 0x000000008a600000| PB 0x000000008a600000| Untracked 
| 167|0x000000008a700000, 0x000000008a700000, 0x000000008a800000|  0%| F|  |TAMS 0x000000008a700000| PB 0x000000008a700000| Untracked 
| 168|0x000000008a800000, 0x000000008a800000, 0x000000008a900000|  0%| F|  |TAMS 0x000000008a800000| PB 0x000000008a800000| Untracked 
| 169|0x000000008a900000, 0x000000008a900000, 0x000000008aa00000|  0%| F|  |TAMS 0x000000008a900000| PB 0x000000008a900000| Untracked 
| 170|0x000000008aa00000, 0x000000008ab00000, 0x000000008ab00000|100%| O|  |TAMS 0x000000008aa00000| PB 0x000000008aa00000| Untracked 
| 171|0x000000008ab00000, 0x000000008ac00000, 0x000000008ac00000|100%| O|  |TAMS 0x000000008ab00000| PB 0x000000008ab00000| Untracked 
| 172|0x000000008ac00000, 0x000000008ad00000, 0x000000008ad00000|100%| O|  |TAMS 0x000000008ac00000| PB 0x000000008ac00000| Untracked 
| 173|0x000000008ad00000, 0x000000008ae00000, 0x000000008ae00000|100%| O|  |TAMS 0x000000008ad00000| PB 0x000000008ad00000| Untracked 
| 174|0x000000008ae00000, 0x000000008af00000, 0x000000008af00000|100%| O|  |TAMS 0x000000008ae00000| PB 0x000000008ae00000| Untracked 
| 175|0x000000008af00000, 0x000000008af00000, 0x000000008b000000|  0%| F|  |TAMS 0x000000008af00000| PB 0x000000008af00000| Untracked 
| 176|0x000000008b000000, 0x000000008b000000, 0x000000008b100000|  0%| F|  |TAMS 0x000000008b000000| PB 0x000000008b000000| Untracked 
| 177|0x000000008b100000, 0x000000008b200000, 0x000000008b200000|100%| O|  |TAMS 0x000000008b100000| PB 0x000000008b100000| Untracked 
| 178|0x000000008b200000, 0x000000008b300000, 0x000000008b300000|100%| O|  |TAMS 0x000000008b200000| PB 0x000000008b200000| Untracked 
| 179|0x000000008b300000, 0x000000008b400000, 0x000000008b400000|100%| O|  |TAMS 0x000000008b300000| PB 0x000000008b300000| Untracked 
| 180|0x000000008b400000, 0x000000008b400000, 0x000000008b500000|  0%| F|  |TAMS 0x000000008b400000| PB 0x000000008b400000| Untracked 
| 181|0x000000008b500000, 0x000000008b600000, 0x000000008b600000|100%| O|  |TAMS 0x000000008b500000| PB 0x000000008b500000| Untracked 
| 182|0x000000008b600000, 0x000000008b700000, 0x000000008b700000|100%| O|  |TAMS 0x000000008b600000| PB 0x000000008b600000| Untracked 
| 183|0x000000008b700000, 0x000000008b800000, 0x000000008b800000|100%| O|  |TAMS 0x000000008b700000| PB 0x000000008b700000| Untracked 
| 184|0x000000008b800000, 0x000000008b800000, 0x000000008b900000|  0%| F|  |TAMS 0x000000008b800000| PB 0x000000008b800000| Untracked 
| 185|0x000000008b900000, 0x000000008ba00000, 0x000000008ba00000|100%| O|  |TAMS 0x000000008b900000| PB 0x000000008b900000| Untracked 
| 186|0x000000008ba00000, 0x000000008bb00000, 0x000000008bb00000|100%| O|  |TAMS 0x000000008ba00000| PB 0x000000008ba00000| Untracked 
| 187|0x000000008bb00000, 0x000000008bc00000, 0x000000008bc00000|100%| O|  |TAMS 0x000000008bb00000| PB 0x000000008bb00000| Untracked 
| 188|0x000000008bc00000, 0x000000008bd00000, 0x000000008bd00000|100%| O|  |TAMS 0x000000008bc00000| PB 0x000000008bc00000| Untracked 
| 189|0x000000008bd00000, 0x000000008bd00000, 0x000000008be00000|  0%| F|  |TAMS 0x000000008bd00000| PB 0x000000008bd00000| Untracked 
| 190|0x000000008be00000, 0x000000008bf00000, 0x000000008bf00000|100%| O|  |TAMS 0x000000008be00000| PB 0x000000008be00000| Untracked 
| 191|0x000000008bf00000, 0x000000008c000000, 0x000000008c000000|100%| O|  |TAMS 0x000000008bf00000| PB 0x000000008bf00000| Untracked 
| 192|0x000000008c000000, 0x000000008c000000, 0x000000008c100000|  0%| F|  |TAMS 0x000000008c000000| PB 0x000000008c000000| Untracked 
| 193|0x000000008c100000, 0x000000008c200000, 0x000000008c200000|100%| O|  |TAMS 0x000000008c100000| PB 0x000000008c100000| Untracked 
| 194|0x000000008c200000, 0x000000008c300000, 0x000000008c300000|100%| O|  |TAMS 0x000000008c200000| PB 0x000000008c200000| Untracked 
| 195|0x000000008c300000, 0x000000008c300000, 0x000000008c400000|  0%| F|  |TAMS 0x000000008c300000| PB 0x000000008c300000| Untracked 
| 196|0x000000008c400000, 0x000000008c500000, 0x000000008c500000|100%| O|  |TAMS 0x000000008c400000| PB 0x000000008c400000| Untracked 
| 197|0x000000008c500000, 0x000000008c600000, 0x000000008c600000|100%| O|  |TAMS 0x000000008c500000| PB 0x000000008c500000| Untracked 
| 198|0x000000008c600000, 0x000000008c700000, 0x000000008c700000|100%| O|  |TAMS 0x000000008c600000| PB 0x000000008c600000| Untracked 
| 199|0x000000008c700000, 0x000000008c800000, 0x000000008c800000|100%| O|  |TAMS 0x000000008c700000| PB 0x000000008c700000| Untracked 
| 200|0x000000008c800000, 0x000000008c900000, 0x000000008c900000|100%| O|  |TAMS 0x000000008c800000| PB 0x000000008c800000| Untracked 
| 201|0x000000008c900000, 0x000000008c900000, 0x000000008ca00000|  0%| F|  |TAMS 0x000000008c900000| PB 0x000000008c900000| Untracked 
| 202|0x000000008ca00000, 0x000000008ca00000, 0x000000008cb00000|  0%| F|  |TAMS 0x000000008ca00000| PB 0x000000008ca00000| Untracked 
| 203|0x000000008cb00000, 0x000000008cb00000, 0x000000008cc00000|  0%| F|  |TAMS 0x000000008cb00000| PB 0x000000008cb00000| Untracked 
| 204|0x000000008cc00000, 0x000000008cc00000, 0x000000008cd00000|  0%| F|  |TAMS 0x000000008cc00000| PB 0x000000008cc00000| Untracked 
| 205|0x000000008cd00000, 0x000000008cd00000, 0x000000008ce00000|  0%| F|  |TAMS 0x000000008cd00000| PB 0x000000008cd00000| Untracked 
| 206|0x000000008ce00000, 0x000000008ce00000, 0x000000008cf00000|  0%| F|  |TAMS 0x000000008ce00000| PB 0x000000008ce00000| Untracked 
| 207|0x000000008cf00000, 0x000000008cf00000, 0x000000008d000000|  0%| F|  |TAMS 0x000000008cf00000| PB 0x000000008cf00000| Untracked 
| 208|0x000000008d000000, 0x000000008d000000, 0x000000008d100000|  0%| F|  |TAMS 0x000000008d000000| PB 0x000000008d000000| Untracked 
| 209|0x000000008d100000, 0x000000008d200000, 0x000000008d200000|100%| O|  |TAMS 0x000000008d100000| PB 0x000000008d100000| Untracked 
| 210|0x000000008d200000, 0x000000008d300000, 0x000000008d300000|100%| O|  |TAMS 0x000000008d200000| PB 0x000000008d200000| Untracked 
| 211|0x000000008d300000, 0x000000008d400000, 0x000000008d400000|100%| O|  |TAMS 0x000000008d300000| PB 0x000000008d300000| Untracked 
| 212|0x000000008d400000, 0x000000008d400000, 0x000000008d500000|  0%| F|  |TAMS 0x000000008d400000| PB 0x000000008d400000| Untracked 
| 213|0x000000008d500000, 0x000000008d600000, 0x000000008d600000|100%| S|CS|TAMS 0x000000008d500000| PB 0x000000008d500000| Complete 
| 214|0x000000008d600000, 0x000000008d700000, 0x000000008d700000|100%| S|CS|TAMS 0x000000008d600000| PB 0x000000008d600000| Complete 
| 215|0x000000008d700000, 0x000000008d800000, 0x000000008d800000|100%| S|CS|TAMS 0x000000008d700000| PB 0x000000008d700000| Complete 
| 216|0x000000008d800000, 0x000000008d900000, 0x000000008d900000|100%| S|CS|TAMS 0x000000008d800000| PB 0x000000008d800000| Complete 
| 217|0x000000008d900000, 0x000000008da00000, 0x000000008da00000|100%| S|CS|TAMS 0x000000008d900000| PB 0x000000008d900000| Complete 
| 218|0x000000008da00000, 0x000000008db00000, 0x000000008db00000|100%| S|CS|TAMS 0x000000008da00000| PB 0x000000008da00000| Complete 
| 219|0x000000008db00000, 0x000000008dc00000, 0x000000008dc00000|100%| O|  |TAMS 0x000000008db00000| PB 0x000000008db00000| Untracked 
| 220|0x000000008dc00000, 0x000000008dd00000, 0x000000008dd00000|100%| O|  |TAMS 0x000000008dc00000| PB 0x000000008dc00000| Untracked 
| 221|0x000000008dd00000, 0x000000008de00000, 0x000000008de00000|100%| S|CS|TAMS 0x000000008dd00000| PB 0x000000008dd00000| Complete 
| 222|0x000000008de00000, 0x000000008df00000, 0x000000008df00000|100%| S|CS|TAMS 0x000000008de00000| PB 0x000000008de00000| Complete 
| 223|0x000000008df00000, 0x000000008e000000, 0x000000008e000000|100%| O|  |TAMS 0x000000008df00000| PB 0x000000008df00000| Untracked 
| 224|0x000000008e000000, 0x000000008e000000, 0x000000008e100000|  0%| F|  |TAMS 0x000000008e000000| PB 0x000000008e000000| Untracked 
| 225|0x000000008e100000, 0x000000008e100000, 0x000000008e200000|  0%| F|  |TAMS 0x000000008e100000| PB 0x000000008e100000| Untracked 
| 226|0x000000008e200000, 0x000000008e200000, 0x000000008e300000|  0%| F|  |TAMS 0x000000008e200000| PB 0x000000008e200000| Untracked 
| 227|0x000000008e300000, 0x000000008e400000, 0x000000008e400000|100%| O|  |TAMS 0x000000008e300000| PB 0x000000008e300000| Untracked 
| 228|0x000000008e400000, 0x000000008e400000, 0x000000008e500000|  0%| F|  |TAMS 0x000000008e400000| PB 0x000000008e400000| Untracked 
| 229|0x000000008e500000, 0x000000008e500000, 0x000000008e600000|  0%| F|  |TAMS 0x000000008e500000| PB 0x000000008e500000| Untracked 
| 230|0x000000008e600000, 0x000000008e700000, 0x000000008e700000|100%| O|  |TAMS 0x000000008e600000| PB 0x000000008e600000| Untracked 
| 231|0x000000008e700000, 0x000000008e800000, 0x000000008e800000|100%| O|  |TAMS 0x000000008e700000| PB 0x000000008e700000| Untracked 
| 232|0x000000008e800000, 0x000000008e800000, 0x000000008e900000|  0%| F|  |TAMS 0x000000008e800000| PB 0x000000008e800000| Untracked 
| 233|0x000000008e900000, 0x000000008e900000, 0x000000008ea00000|  0%| F|  |TAMS 0x000000008e900000| PB 0x000000008e900000| Untracked 
| 234|0x000000008ea00000, 0x000000008eb00000, 0x000000008eb00000|100%| O|  |TAMS 0x000000008ea00000| PB 0x000000008ea00000| Untracked 
| 235|0x000000008eb00000, 0x000000008eb00000, 0x000000008ec00000|  0%| F|  |TAMS 0x000000008eb00000| PB 0x000000008eb00000| Untracked 
| 236|0x000000008ec00000, 0x000000008ec00000, 0x000000008ed00000|  0%| F|  |TAMS 0x000000008ec00000| PB 0x000000008ec00000| Untracked 
| 237|0x000000008ed00000, 0x000000008ee00000, 0x000000008ee00000|100%| O|  |TAMS 0x000000008ed00000| PB 0x000000008ed00000| Untracked 
| 238|0x000000008ee00000, 0x000000008ef00000, 0x000000008ef00000|100%| O|  |TAMS 0x000000008ee00000| PB 0x000000008ee00000| Untracked 
| 239|0x000000008ef00000, 0x000000008ef00000, 0x000000008f000000|  0%| F|  |TAMS 0x000000008ef00000| PB 0x000000008ef00000| Untracked 
| 240|0x000000008f000000, 0x000000008f100000, 0x000000008f100000|100%| O|  |TAMS 0x000000008f000000| PB 0x000000008f000000| Untracked 
| 241|0x000000008f100000, 0x000000008f200000, 0x000000008f200000|100%| O|  |TAMS 0x000000008f100000| PB 0x000000008f100000| Untracked 
| 242|0x000000008f200000, 0x000000008f300000, 0x000000008f300000|100%| O|  |TAMS 0x000000008f200000| PB 0x000000008f200000| Untracked 
| 243|0x000000008f300000, 0x000000008f300000, 0x000000008f400000|  0%| F|  |TAMS 0x000000008f300000| PB 0x000000008f300000| Untracked 
| 244|0x000000008f400000, 0x000000008f400000, 0x000000008f500000|  0%| F|  |TAMS 0x000000008f400000| PB 0x000000008f400000| Untracked 
| 245|0x000000008f500000, 0x000000008f500000, 0x000000008f600000|  0%| F|  |TAMS 0x000000008f500000| PB 0x000000008f500000| Untracked 
| 246|0x000000008f600000, 0x000000008f700000, 0x000000008f700000|100%| O|  |TAMS 0x000000008f600000| PB 0x000000008f600000| Untracked 
| 247|0x000000008f700000, 0x000000008f700000, 0x000000008f800000|  0%| F|  |TAMS 0x000000008f700000| PB 0x000000008f700000| Untracked 
| 248|0x000000008f800000, 0x000000008f800000, 0x000000008f900000|  0%| F|  |TAMS 0x000000008f800000| PB 0x000000008f800000| Untracked 
| 249|0x000000008f900000, 0x000000008f900000, 0x000000008fa00000|  0%| F|  |TAMS 0x000000008f900000| PB 0x000000008f900000| Untracked 
| 250|0x000000008fa00000, 0x000000008fa00000, 0x000000008fb00000|  0%| F|  |TAMS 0x000000008fa00000| PB 0x000000008fa00000| Untracked 
| 251|0x000000008fb00000, 0x000000008fb00000, 0x000000008fc00000|  0%| F|  |TAMS 0x000000008fb00000| PB 0x000000008fb00000| Untracked 
| 252|0x000000008fc00000, 0x000000008fc00000, 0x000000008fd00000|  0%| F|  |TAMS 0x000000008fc00000| PB 0x000000008fc00000| Untracked 
| 253|0x000000008fd00000, 0x000000008fe00000, 0x000000008fe00000|100%| O|  |TAMS 0x000000008fd00000| PB 0x000000008fd00000| Untracked 
| 254|0x000000008fe00000, 0x000000008fe00000, 0x000000008ff00000|  0%| F|  |TAMS 0x000000008fe00000| PB 0x000000008fe00000| Untracked 
| 255|0x000000008ff00000, 0x000000008ff00000, 0x0000000090000000|  0%| F|  |TAMS 0x000000008ff00000| PB 0x000000008ff00000| Untracked 
| 256|0x0000000090000000, 0x0000000090100000, 0x0000000090100000|100%| O|  |TAMS 0x0000000090000000| PB 0x0000000090000000| Untracked 
| 257|0x0000000090100000, 0x0000000090100000, 0x0000000090200000|  0%| F|  |TAMS 0x0000000090100000| PB 0x0000000090100000| Untracked 
| 258|0x0000000090200000, 0x0000000090300000, 0x0000000090300000|100%| E|CS|TAMS 0x0000000090200000| PB 0x0000000090200000| Complete 
| 259|0x0000000090300000, 0x0000000090400000, 0x0000000090400000|100%| E|CS|TAMS 0x0000000090300000| PB 0x0000000090300000| Complete 
| 260|0x0000000090400000, 0x0000000090500000, 0x0000000090500000|100%| E|CS|TAMS 0x0000000090400000| PB 0x0000000090400000| Complete 
| 261|0x0000000090500000, 0x0000000090600000, 0x0000000090600000|100%| E|CS|TAMS 0x0000000090500000| PB 0x0000000090500000| Complete 
| 262|0x0000000090600000, 0x0000000090700000, 0x0000000090700000|100%| E|CS|TAMS 0x0000000090600000| PB 0x0000000090600000| Complete 
| 263|0x0000000090700000, 0x0000000090800000, 0x0000000090800000|100%| E|CS|TAMS 0x0000000090700000| PB 0x0000000090700000| Complete 
| 264|0x0000000090800000, 0x0000000090900000, 0x0000000090900000|100%| E|CS|TAMS 0x0000000090800000| PB 0x0000000090800000| Complete 
| 265|0x0000000090900000, 0x0000000090a00000, 0x0000000090a00000|100%| E|CS|TAMS 0x0000000090900000| PB 0x0000000090900000| Complete 
| 266|0x0000000090a00000, 0x0000000090b00000, 0x0000000090b00000|100%| E|CS|TAMS 0x0000000090a00000| PB 0x0000000090a00000| Complete 
| 267|0x0000000090b00000, 0x0000000090c00000, 0x0000000090c00000|100%| O|  |TAMS 0x0000000090b00000| PB 0x0000000090b00000| Untracked 
| 268|0x0000000090c00000, 0x0000000090d00000, 0x0000000090d00000|100%| E|CS|TAMS 0x0000000090c00000| PB 0x0000000090c00000| Complete 
| 269|0x0000000090d00000, 0x0000000090e00000, 0x0000000090e00000|100%| O|  |TAMS 0x0000000090d00000| PB 0x0000000090d00000| Untracked 
| 270|0x0000000090e00000, 0x0000000090f00000, 0x0000000090f00000|100%| O|  |TAMS 0x0000000090e00000| PB 0x0000000090e00000| Untracked 
| 271|0x0000000090f00000, 0x0000000091000000, 0x0000000091000000|100%| E|CS|TAMS 0x0000000090f00000| PB 0x0000000090f00000| Complete 
| 272|0x0000000091000000, 0x0000000091100000, 0x0000000091100000|100%| E|CS|TAMS 0x0000000091000000| PB 0x0000000091000000| Complete 
| 273|0x0000000091100000, 0x0000000091200000, 0x0000000091200000|100%| E|CS|TAMS 0x0000000091100000| PB 0x0000000091100000| Complete 
| 274|0x0000000091200000, 0x0000000091300000, 0x0000000091300000|100%| E|CS|TAMS 0x0000000091200000| PB 0x0000000091200000| Complete 
| 275|0x0000000091300000, 0x0000000091400000, 0x0000000091400000|100%| E|CS|TAMS 0x0000000091300000| PB 0x0000000091300000| Complete 
| 276|0x0000000091400000, 0x0000000091500000, 0x0000000091500000|100%| E|CS|TAMS 0x0000000091400000| PB 0x0000000091400000| Complete 
| 277|0x0000000091500000, 0x0000000091600000, 0x0000000091600000|100%| O|  |TAMS 0x0000000091500000| PB 0x0000000091500000| Untracked 
| 278|0x0000000091600000, 0x0000000091700000, 0x0000000091700000|100%| E|CS|TAMS 0x0000000091600000| PB 0x0000000091600000| Complete 
| 279|0x0000000091700000, 0x0000000091800000, 0x0000000091800000|100%| E|CS|TAMS 0x0000000091700000| PB 0x0000000091700000| Complete 
| 280|0x0000000091800000, 0x0000000091900000, 0x0000000091900000|100%| E|CS|TAMS 0x0000000091800000| PB 0x0000000091800000| Complete 
| 281|0x0000000091900000, 0x0000000091a00000, 0x0000000091a00000|100%| E|CS|TAMS 0x0000000091900000| PB 0x0000000091900000| Complete 
| 282|0x0000000091a00000, 0x0000000091b00000, 0x0000000091b00000|100%| E|CS|TAMS 0x0000000091a00000| PB 0x0000000091a00000| Complete 
| 283|0x0000000091b00000, 0x0000000091c00000, 0x0000000091c00000|100%| E|CS|TAMS 0x0000000091b00000| PB 0x0000000091b00000| Complete 
| 284|0x0000000091c00000, 0x0000000091d00000, 0x0000000091d00000|100%| E|CS|TAMS 0x0000000091c00000| PB 0x0000000091c00000| Complete 
| 285|0x0000000091d00000, 0x0000000091e00000, 0x0000000091e00000|100%| E|CS|TAMS 0x0000000091d00000| PB 0x0000000091d00000| Complete 
| 286|0x0000000091e00000, 0x0000000091f00000, 0x0000000091f00000|100%| E|CS|TAMS 0x0000000091e00000| PB 0x0000000091e00000| Complete 
| 287|0x0000000091f00000, 0x0000000092000000, 0x0000000092000000|100%| E|CS|TAMS 0x0000000091f00000| PB 0x0000000091f00000| Complete 
| 288|0x0000000092000000, 0x0000000092100000, 0x0000000092100000|100%| E|CS|TAMS 0x0000000092000000| PB 0x0000000092000000| Complete 
| 289|0x0000000092100000, 0x0000000092200000, 0x0000000092200000|100%| E|CS|TAMS 0x0000000092100000| PB 0x0000000092100000| Complete 
| 290|0x0000000092200000, 0x0000000092300000, 0x0000000092300000|100%| E|CS|TAMS 0x0000000092200000| PB 0x0000000092200000| Complete 
| 291|0x0000000092300000, 0x0000000092400000, 0x0000000092400000|100%| E|CS|TAMS 0x0000000092300000| PB 0x0000000092300000| Complete 
| 292|0x0000000092400000, 0x0000000092500000, 0x0000000092500000|100%| E|CS|TAMS 0x0000000092400000| PB 0x0000000092400000| Complete 
| 293|0x0000000092500000, 0x0000000092600000, 0x0000000092600000|100%| E|CS|TAMS 0x0000000092500000| PB 0x0000000092500000| Complete 
| 294|0x0000000092600000, 0x0000000092700000, 0x0000000092700000|100%| E|CS|TAMS 0x0000000092600000| PB 0x0000000092600000| Complete 
| 295|0x0000000092700000, 0x0000000092800000, 0x0000000092800000|100%| E|CS|TAMS 0x0000000092700000| PB 0x0000000092700000| Complete 
| 296|0x0000000092800000, 0x0000000092900000, 0x0000000092900000|100%| E|CS|TAMS 0x0000000092800000| PB 0x0000000092800000| Complete 
| 297|0x0000000092900000, 0x0000000092a00000, 0x0000000092a00000|100%| E|  |TAMS 0x0000000092900000| PB 0x0000000092900000| Complete 
| 298|0x0000000092a00000, 0x0000000092b00000, 0x0000000092b00000|100%| E|CS|TAMS 0x0000000092a00000| PB 0x0000000092a00000| Complete 
| 299|0x0000000092b00000, 0x0000000092c00000, 0x0000000092c00000|100%| E|CS|TAMS 0x0000000092b00000| PB 0x0000000092b00000| Complete 
| 300|0x0000000092c00000, 0x0000000092d00000, 0x0000000092d00000|100%| E|CS|TAMS 0x0000000092c00000| PB 0x0000000092c00000| Complete 
| 301|0x0000000092d00000, 0x0000000092e00000, 0x0000000092e00000|100%| E|CS|TAMS 0x0000000092d00000| PB 0x0000000092d00000| Complete 
| 302|0x0000000092e00000, 0x0000000092f00000, 0x0000000092f00000|100%| E|CS|TAMS 0x0000000092e00000| PB 0x0000000092e00000| Complete 
| 303|0x0000000092f00000, 0x0000000093000000, 0x0000000093000000|100%| E|CS|TAMS 0x0000000092f00000| PB 0x0000000092f00000| Complete 
| 304|0x0000000093000000, 0x0000000093100000, 0x0000000093100000|100%| E|CS|TAMS 0x0000000093000000| PB 0x0000000093000000| Complete 
| 305|0x0000000093100000, 0x0000000093200000, 0x0000000093200000|100%| E|CS|TAMS 0x0000000093100000| PB 0x0000000093100000| Complete 
| 306|0x0000000093200000, 0x0000000093300000, 0x0000000093300000|100%| E|CS|TAMS 0x0000000093200000| PB 0x0000000093200000| Complete 
| 307|0x0000000093300000, 0x0000000093400000, 0x0000000093400000|100%| E|CS|TAMS 0x0000000093300000| PB 0x0000000093300000| Complete 
| 308|0x0000000093400000, 0x0000000093500000, 0x0000000093500000|100%| E|CS|TAMS 0x0000000093400000| PB 0x0000000093400000| Complete 
| 309|0x0000000093500000, 0x0000000093600000, 0x0000000093600000|100%| E|CS|TAMS 0x0000000093500000| PB 0x0000000093500000| Complete 
| 310|0x0000000093600000, 0x0000000093700000, 0x0000000093700000|100%| E|CS|TAMS 0x0000000093600000| PB 0x0000000093600000| Complete 
| 311|0x0000000093700000, 0x0000000093800000, 0x0000000093800000|100%| E|CS|TAMS 0x0000000093700000| PB 0x0000000093700000| Complete 
| 312|0x0000000093800000, 0x0000000093900000, 0x0000000093900000|100%| E|CS|TAMS 0x0000000093800000| PB 0x0000000093800000| Complete 
| 313|0x0000000093900000, 0x0000000093a00000, 0x0000000093a00000|100%| E|CS|TAMS 0x0000000093900000| PB 0x0000000093900000| Complete 
| 314|0x0000000093a00000, 0x0000000093b00000, 0x0000000093b00000|100%| E|CS|TAMS 0x0000000093a00000| PB 0x0000000093a00000| Complete 
| 315|0x0000000093b00000, 0x0000000093c00000, 0x0000000093c00000|100%| E|CS|TAMS 0x0000000093b00000| PB 0x0000000093b00000| Complete 
| 316|0x0000000093c00000, 0x0000000093d00000, 0x0000000093d00000|100%| E|CS|TAMS 0x0000000093c00000| PB 0x0000000093c00000| Complete 
| 317|0x0000000093d00000, 0x0000000093e00000, 0x0000000093e00000|100%| E|CS|TAMS 0x0000000093d00000| PB 0x0000000093d00000| Complete 
| 318|0x0000000093e00000, 0x0000000093f00000, 0x0000000093f00000|100%| E|CS|TAMS 0x0000000093e00000| PB 0x0000000093e00000| Complete 
| 319|0x0000000093f00000, 0x0000000094000000, 0x0000000094000000|100%| E|CS|TAMS 0x0000000093f00000| PB 0x0000000093f00000| Complete 
| 320|0x0000000094000000, 0x0000000094100000, 0x0000000094100000|100%| E|CS|TAMS 0x0000000094000000| PB 0x0000000094000000| Complete 
| 321|0x0000000094100000, 0x0000000094200000, 0x0000000094200000|100%| E|CS|TAMS 0x0000000094100000| PB 0x0000000094100000| Complete 
| 322|0x0000000094200000, 0x0000000094300000, 0x0000000094300000|100%| E|CS|TAMS 0x0000000094200000| PB 0x0000000094200000| Complete 
| 323|0x0000000094300000, 0x0000000094400000, 0x0000000094400000|100%| E|CS|TAMS 0x0000000094300000| PB 0x0000000094300000| Complete 
| 324|0x0000000094400000, 0x0000000094500000, 0x0000000094500000|100%| E|CS|TAMS 0x0000000094400000| PB 0x0000000094400000| Complete 
| 325|0x0000000094500000, 0x0000000094600000, 0x0000000094600000|100%| E|CS|TAMS 0x0000000094500000| PB 0x0000000094500000| Complete 
| 326|0x0000000094600000, 0x0000000094700000, 0x0000000094700000|100%| E|CS|TAMS 0x0000000094600000| PB 0x0000000094600000| Complete 
| 327|0x0000000094700000, 0x0000000094800000, 0x0000000094800000|100%| E|CS|TAMS 0x0000000094700000| PB 0x0000000094700000| Complete 
| 328|0x0000000094800000, 0x0000000094900000, 0x0000000094900000|100%| E|CS|TAMS 0x0000000094800000| PB 0x0000000094800000| Complete 
| 329|0x0000000094900000, 0x0000000094a00000, 0x0000000094a00000|100%| E|CS|TAMS 0x0000000094900000| PB 0x0000000094900000| Complete 
| 330|0x0000000094a00000, 0x0000000094b00000, 0x0000000094b00000|100%| E|CS|TAMS 0x0000000094a00000| PB 0x0000000094a00000| Complete 
| 331|0x0000000094b00000, 0x0000000094c00000, 0x0000000094c00000|100%| E|CS|TAMS 0x0000000094b00000| PB 0x0000000094b00000| Complete 
| 332|0x0000000094c00000, 0x0000000094d00000, 0x0000000094d00000|100%| E|CS|TAMS 0x0000000094c00000| PB 0x0000000094c00000| Complete 
| 333|0x0000000094d00000, 0x0000000094e00000, 0x0000000094e00000|100%| E|CS|TAMS 0x0000000094d00000| PB 0x0000000094d00000| Complete 
| 334|0x0000000094e00000, 0x0000000094f00000, 0x0000000094f00000|100%| E|CS|TAMS 0x0000000094e00000| PB 0x0000000094e00000| Complete 
| 335|0x0000000094f00000, 0x0000000095000000, 0x0000000095000000|100%| E|CS|TAMS 0x0000000094f00000| PB 0x0000000094f00000| Complete 
| 336|0x0000000095000000, 0x0000000095100000, 0x0000000095100000|100%| E|CS|TAMS 0x0000000095000000| PB 0x0000000095000000| Complete 
| 337|0x0000000095100000, 0x0000000095200000, 0x0000000095200000|100%| E|CS|TAMS 0x0000000095100000| PB 0x0000000095100000| Complete 
| 338|0x0000000095200000, 0x0000000095300000, 0x0000000095300000|100%| E|CS|TAMS 0x0000000095200000| PB 0x0000000095200000| Complete 
| 339|0x0000000095300000, 0x0000000095400000, 0x0000000095400000|100%| E|CS|TAMS 0x0000000095300000| PB 0x0000000095300000| Complete 
| 340|0x0000000095400000, 0x0000000095500000, 0x0000000095500000|100%| E|CS|TAMS 0x0000000095400000| PB 0x0000000095400000| Complete 
| 341|0x0000000095500000, 0x0000000095600000, 0x0000000095600000|100%| E|CS|TAMS 0x0000000095500000| PB 0x0000000095500000| Complete 
| 342|0x0000000095600000, 0x0000000095700000, 0x0000000095700000|100%| E|CS|TAMS 0x0000000095600000| PB 0x0000000095600000| Complete 
| 343|0x0000000095700000, 0x0000000095800000, 0x0000000095800000|100%| E|CS|TAMS 0x0000000095700000| PB 0x0000000095700000| Complete 
| 344|0x0000000095800000, 0x0000000095900000, 0x0000000095900000|100%| E|CS|TAMS 0x0000000095800000| PB 0x0000000095800000| Complete 
| 345|0x0000000095900000, 0x0000000095a00000, 0x0000000095a00000|100%| E|CS|TAMS 0x0000000095900000| PB 0x0000000095900000| Complete 
| 346|0x0000000095a00000, 0x0000000095b00000, 0x0000000095b00000|100%| E|CS|TAMS 0x0000000095a00000| PB 0x0000000095a00000| Complete 
| 347|0x0000000095b00000, 0x0000000095c00000, 0x0000000095c00000|100%| E|CS|TAMS 0x0000000095b00000| PB 0x0000000095b00000| Complete 
| 348|0x0000000095c00000, 0x0000000095d00000, 0x0000000095d00000|100%| E|CS|TAMS 0x0000000095c00000| PB 0x0000000095c00000| Complete 
| 349|0x0000000095d00000, 0x0000000095e00000, 0x0000000095e00000|100%| E|CS|TAMS 0x0000000095d00000| PB 0x0000000095d00000| Complete 
| 350|0x0000000095e00000, 0x0000000095f00000, 0x0000000095f00000|100%| E|CS|TAMS 0x0000000095e00000| PB 0x0000000095e00000| Complete 
| 351|0x0000000095f00000, 0x0000000096000000, 0x0000000096000000|100%| E|CS|TAMS 0x0000000095f00000| PB 0x0000000095f00000| Complete 
| 352|0x0000000096000000, 0x0000000096100000, 0x0000000096100000|100%| E|CS|TAMS 0x0000000096000000| PB 0x0000000096000000| Complete 
| 353|0x0000000096100000, 0x0000000096200000, 0x0000000096200000|100%| E|CS|TAMS 0x0000000096100000| PB 0x0000000096100000| Complete 
| 354|0x0000000096200000, 0x0000000096300000, 0x0000000096300000|100%| E|CS|TAMS 0x0000000096200000| PB 0x0000000096200000| Complete 
| 355|0x0000000096300000, 0x0000000096400000, 0x0000000096400000|100%| E|CS|TAMS 0x0000000096300000| PB 0x0000000096300000| Complete 
| 356|0x0000000096400000, 0x0000000096500000, 0x0000000096500000|100%| E|CS|TAMS 0x0000000096400000| PB 0x0000000096400000| Complete 
| 357|0x0000000096500000, 0x0000000096600000, 0x0000000096600000|100%| E|CS|TAMS 0x0000000096500000| PB 0x0000000096500000| Complete 
| 358|0x0000000096600000, 0x0000000096700000, 0x0000000096700000|100%| E|CS|TAMS 0x0000000096600000| PB 0x0000000096600000| Complete 
| 359|0x0000000096700000, 0x0000000096800000, 0x0000000096800000|100%| E|CS|TAMS 0x0000000096700000| PB 0x0000000096700000| Complete 
| 360|0x0000000096800000, 0x0000000096900000, 0x0000000096900000|100%| E|CS|TAMS 0x0000000096800000| PB 0x0000000096800000| Complete 
| 361|0x0000000096900000, 0x0000000096a00000, 0x0000000096a00000|100%| E|CS|TAMS 0x0000000096900000| PB 0x0000000096900000| Complete 
| 362|0x0000000096a00000, 0x0000000096b00000, 0x0000000096b00000|100%| E|CS|TAMS 0x0000000096a00000| PB 0x0000000096a00000| Complete 
| 363|0x0000000096b00000, 0x0000000096c00000, 0x0000000096c00000|100%| E|CS|TAMS 0x0000000096b00000| PB 0x0000000096b00000| Complete 
| 364|0x0000000096c00000, 0x0000000096d00000, 0x0000000096d00000|100%| E|CS|TAMS 0x0000000096c00000| PB 0x0000000096c00000| Complete 
| 365|0x0000000096d00000, 0x0000000096e00000, 0x0000000096e00000|100%| E|CS|TAMS 0x0000000096d00000| PB 0x0000000096d00000| Complete 
| 366|0x0000000096e00000, 0x0000000096f00000, 0x0000000096f00000|100%| E|CS|TAMS 0x0000000096e00000| PB 0x0000000096e00000| Complete 
| 367|0x0000000096f00000, 0x0000000097000000, 0x0000000097000000|100%| E|CS|TAMS 0x0000000096f00000| PB 0x0000000096f00000| Complete 
| 368|0x0000000097000000, 0x0000000097100000, 0x0000000097100000|100%| E|CS|TAMS 0x0000000097000000| PB 0x0000000097000000| Complete 
| 369|0x0000000097100000, 0x0000000097200000, 0x0000000097200000|100%| E|CS|TAMS 0x0000000097100000| PB 0x0000000097100000| Complete 
| 370|0x0000000097200000, 0x0000000097300000, 0x0000000097300000|100%| E|CS|TAMS 0x0000000097200000| PB 0x0000000097200000| Complete 
| 371|0x0000000097300000, 0x0000000097400000, 0x0000000097400000|100%| E|CS|TAMS 0x0000000097300000| PB 0x0000000097300000| Complete 
| 372|0x0000000097400000, 0x0000000097500000, 0x0000000097500000|100%| E|CS|TAMS 0x0000000097400000| PB 0x0000000097400000| Complete 
| 373|0x0000000097500000, 0x0000000097600000, 0x0000000097600000|100%| E|CS|TAMS 0x0000000097500000| PB 0x0000000097500000| Complete 
| 374|0x0000000097600000, 0x0000000097700000, 0x0000000097700000|100%| E|CS|TAMS 0x0000000097600000| PB 0x0000000097600000| Complete 
| 375|0x0000000097700000, 0x0000000097800000, 0x0000000097800000|100%| E|CS|TAMS 0x0000000097700000| PB 0x0000000097700000| Complete 
| 376|0x0000000097800000, 0x0000000097900000, 0x0000000097900000|100%| E|CS|TAMS 0x0000000097800000| PB 0x0000000097800000| Complete 
| 377|0x0000000097900000, 0x0000000097a00000, 0x0000000097a00000|100%| E|CS|TAMS 0x0000000097900000| PB 0x0000000097900000| Complete 
| 378|0x0000000097a00000, 0x0000000097b00000, 0x0000000097b00000|100%| E|CS|TAMS 0x0000000097a00000| PB 0x0000000097a00000| Complete 
| 379|0x0000000097b00000, 0x0000000097c00000, 0x0000000097c00000|100%| E|CS|TAMS 0x0000000097b00000| PB 0x0000000097b00000| Complete 
| 380|0x0000000097c00000, 0x0000000097d00000, 0x0000000097d00000|100%| E|CS|TAMS 0x0000000097c00000| PB 0x0000000097c00000| Complete 
| 381|0x0000000097d00000, 0x0000000097e00000, 0x0000000097e00000|100%| E|CS|TAMS 0x0000000097d00000| PB 0x0000000097d00000| Complete 
| 382|0x0000000097e00000, 0x0000000097f00000, 0x0000000097f00000|100%| E|CS|TAMS 0x0000000097e00000| PB 0x0000000097e00000| Complete 
| 383|0x0000000097f00000, 0x0000000098000000, 0x0000000098000000|100%| E|CS|TAMS 0x0000000097f00000| PB 0x0000000097f00000| Complete 
| 384|0x0000000098000000, 0x0000000098100000, 0x0000000098100000|100%| E|CS|TAMS 0x0000000098000000| PB 0x0000000098000000| Complete 
| 385|0x0000000098100000, 0x0000000098200000, 0x0000000098200000|100%| E|CS|TAMS 0x0000000098100000| PB 0x0000000098100000| Complete 
| 386|0x0000000098200000, 0x0000000098300000, 0x0000000098300000|100%| E|CS|TAMS 0x0000000098200000| PB 0x0000000098200000| Complete 
| 387|0x0000000098300000, 0x0000000098400000, 0x0000000098400000|100%| E|CS|TAMS 0x0000000098300000| PB 0x0000000098300000| Complete 
| 388|0x0000000098400000, 0x0000000098500000, 0x0000000098500000|100%| E|CS|TAMS 0x0000000098400000| PB 0x0000000098400000| Complete 
| 389|0x0000000098500000, 0x0000000098600000, 0x0000000098600000|100%| E|CS|TAMS 0x0000000098500000| PB 0x0000000098500000| Complete 
| 390|0x0000000098600000, 0x0000000098700000, 0x0000000098700000|100%| E|CS|TAMS 0x0000000098600000| PB 0x0000000098600000| Complete 
| 391|0x0000000098700000, 0x0000000098800000, 0x0000000098800000|100%| E|CS|TAMS 0x0000000098700000| PB 0x0000000098700000| Complete 
| 392|0x0000000098800000, 0x0000000098900000, 0x0000000098900000|100%| E|CS|TAMS 0x0000000098800000| PB 0x0000000098800000| Complete 
| 393|0x0000000098900000, 0x0000000098a00000, 0x0000000098a00000|100%| E|CS|TAMS 0x0000000098900000| PB 0x0000000098900000| Complete 
| 394|0x0000000098a00000, 0x0000000098b00000, 0x0000000098b00000|100%| E|CS|TAMS 0x0000000098a00000| PB 0x0000000098a00000| Complete 
| 395|0x0000000098b00000, 0x0000000098c00000, 0x0000000098c00000|100%| E|CS|TAMS 0x0000000098b00000| PB 0x0000000098b00000| Complete 
| 396|0x0000000098c00000, 0x0000000098d00000, 0x0000000098d00000|100%| E|CS|TAMS 0x0000000098c00000| PB 0x0000000098c00000| Complete 
| 397|0x0000000098d00000, 0x0000000098e00000, 0x0000000098e00000|100%| E|CS|TAMS 0x0000000098d00000| PB 0x0000000098d00000| Complete 
| 398|0x0000000098e00000, 0x0000000098f00000, 0x0000000098f00000|100%| E|CS|TAMS 0x0000000098e00000| PB 0x0000000098e00000| Complete 
| 399|0x0000000098f00000, 0x0000000099000000, 0x0000000099000000|100%| E|CS|TAMS 0x0000000098f00000| PB 0x0000000098f00000| Complete 
| 400|0x0000000099000000, 0x0000000099100000, 0x0000000099100000|100%| E|CS|TAMS 0x0000000099000000| PB 0x0000000099000000| Complete 
| 401|0x0000000099100000, 0x0000000099200000, 0x0000000099200000|100%| E|CS|TAMS 0x0000000099100000| PB 0x0000000099100000| Complete 
| 402|0x0000000099200000, 0x0000000099300000, 0x0000000099300000|100%| E|CS|TAMS 0x0000000099200000| PB 0x0000000099200000| Complete 
| 403|0x0000000099300000, 0x0000000099400000, 0x0000000099400000|100%| E|CS|TAMS 0x0000000099300000| PB 0x0000000099300000| Complete 
| 404|0x0000000099400000, 0x0000000099500000, 0x0000000099500000|100%| E|CS|TAMS 0x0000000099400000| PB 0x0000000099400000| Complete 
| 405|0x0000000099500000, 0x0000000099600000, 0x0000000099600000|100%| E|CS|TAMS 0x0000000099500000| PB 0x0000000099500000| Complete 
| 406|0x0000000099600000, 0x0000000099700000, 0x0000000099700000|100%| E|CS|TAMS 0x0000000099600000| PB 0x0000000099600000| Complete 
| 407|0x0000000099700000, 0x0000000099800000, 0x0000000099800000|100%| E|CS|TAMS 0x0000000099700000| PB 0x0000000099700000| Complete 
| 408|0x0000000099800000, 0x0000000099900000, 0x0000000099900000|100%| E|CS|TAMS 0x0000000099800000| PB 0x0000000099800000| Complete 
| 409|0x0000000099900000, 0x0000000099a00000, 0x0000000099a00000|100%| E|CS|TAMS 0x0000000099900000| PB 0x0000000099900000| Complete 
| 410|0x0000000099a00000, 0x0000000099b00000, 0x0000000099b00000|100%| E|CS|TAMS 0x0000000099a00000| PB 0x0000000099a00000| Complete 
| 411|0x0000000099b00000, 0x0000000099c00000, 0x0000000099c00000|100%| E|CS|TAMS 0x0000000099b00000| PB 0x0000000099b00000| Complete 
| 412|0x0000000099c00000, 0x0000000099d00000, 0x0000000099d00000|100%| E|CS|TAMS 0x0000000099c00000| PB 0x0000000099c00000| Complete 
| 413|0x0000000099d00000, 0x0000000099e00000, 0x0000000099e00000|100%| E|CS|TAMS 0x0000000099d00000| PB 0x0000000099d00000| Complete 
| 414|0x0000000099e00000, 0x0000000099f00000, 0x0000000099f00000|100%| E|CS|TAMS 0x0000000099e00000| PB 0x0000000099e00000| Complete 
| 415|0x0000000099f00000, 0x000000009a000000, 0x000000009a000000|100%| E|CS|TAMS 0x0000000099f00000| PB 0x0000000099f00000| Complete 
| 416|0x000000009a000000, 0x000000009a100000, 0x000000009a100000|100%| E|CS|TAMS 0x000000009a000000| PB 0x000000009a000000| Complete 
| 417|0x000000009a100000, 0x000000009a200000, 0x000000009a200000|100%| E|CS|TAMS 0x000000009a100000| PB 0x000000009a100000| Complete 
| 418|0x000000009a200000, 0x000000009a300000, 0x000000009a300000|100%| E|CS|TAMS 0x000000009a200000| PB 0x000000009a200000| Complete 
| 419|0x000000009a300000, 0x000000009a400000, 0x000000009a400000|100%| E|CS|TAMS 0x000000009a300000| PB 0x000000009a300000| Complete 
| 420|0x000000009a400000, 0x000000009a500000, 0x000000009a500000|100%| E|CS|TAMS 0x000000009a400000| PB 0x000000009a400000| Complete 
| 421|0x000000009a500000, 0x000000009a600000, 0x000000009a600000|100%| E|CS|TAMS 0x000000009a500000| PB 0x000000009a500000| Complete 
| 422|0x000000009a600000, 0x000000009a700000, 0x000000009a700000|100%| E|CS|TAMS 0x000000009a600000| PB 0x000000009a600000| Complete 
| 423|0x000000009a700000, 0x000000009a800000, 0x000000009a800000|100%| E|CS|TAMS 0x000000009a700000| PB 0x000000009a700000| Complete 
| 424|0x000000009a800000, 0x000000009a900000, 0x000000009a900000|100%| E|CS|TAMS 0x000000009a800000| PB 0x000000009a800000| Complete 
| 425|0x000000009a900000, 0x000000009aa00000, 0x000000009aa00000|100%| E|CS|TAMS 0x000000009a900000| PB 0x000000009a900000| Complete 
| 426|0x000000009aa00000, 0x000000009ab00000, 0x000000009ab00000|100%| E|CS|TAMS 0x000000009aa00000| PB 0x000000009aa00000| Complete 
| 427|0x000000009ab00000, 0x000000009ac00000, 0x000000009ac00000|100%| E|CS|TAMS 0x000000009ab00000| PB 0x000000009ab00000| Complete 
| 428|0x000000009ac00000, 0x000000009ad00000, 0x000000009ad00000|100%| E|CS|TAMS 0x000000009ac00000| PB 0x000000009ac00000| Complete 
| 429|0x000000009ad00000, 0x000000009ae00000, 0x000000009ae00000|100%| E|CS|TAMS 0x000000009ad00000| PB 0x000000009ad00000| Complete 
| 430|0x000000009ae00000, 0x000000009af00000, 0x000000009af00000|100%| E|CS|TAMS 0x000000009ae00000| PB 0x000000009ae00000| Complete 
| 431|0x000000009af00000, 0x000000009b000000, 0x000000009b000000|100%| E|CS|TAMS 0x000000009af00000| PB 0x000000009af00000| Complete 
| 432|0x000000009b000000, 0x000000009b100000, 0x000000009b100000|100%| E|CS|TAMS 0x000000009b000000| PB 0x000000009b000000| Complete 
| 433|0x000000009b100000, 0x000000009b200000, 0x000000009b200000|100%| E|CS|TAMS 0x000000009b100000| PB 0x000000009b100000| Complete 
| 434|0x000000009b200000, 0x000000009b300000, 0x000000009b300000|100%| E|CS|TAMS 0x000000009b200000| PB 0x000000009b200000| Complete 
| 435|0x000000009b300000, 0x000000009b400000, 0x000000009b400000|100%| E|CS|TAMS 0x000000009b300000| PB 0x000000009b300000| Complete 
| 436|0x000000009b400000, 0x000000009b500000, 0x000000009b500000|100%| E|CS|TAMS 0x000000009b400000| PB 0x000000009b400000| Complete 
| 437|0x000000009b500000, 0x000000009b600000, 0x000000009b600000|100%| E|CS|TAMS 0x000000009b500000| PB 0x000000009b500000| Complete 
| 438|0x000000009b600000, 0x000000009b700000, 0x000000009b700000|100%| E|CS|TAMS 0x000000009b600000| PB 0x000000009b600000| Complete 
| 439|0x000000009b700000, 0x000000009b800000, 0x000000009b800000|100%| E|CS|TAMS 0x000000009b700000| PB 0x000000009b700000| Complete 
| 440|0x000000009b800000, 0x000000009b900000, 0x000000009b900000|100%| E|CS|TAMS 0x000000009b800000| PB 0x000000009b800000| Complete 
| 441|0x000000009b900000, 0x000000009ba00000, 0x000000009ba00000|100%| E|CS|TAMS 0x000000009b900000| PB 0x000000009b900000| Complete 
| 442|0x000000009ba00000, 0x000000009bb00000, 0x000000009bb00000|100%| E|CS|TAMS 0x000000009ba00000| PB 0x000000009ba00000| Complete 
| 443|0x000000009bb00000, 0x000000009bc00000, 0x000000009bc00000|100%| E|CS|TAMS 0x000000009bb00000| PB 0x000000009bb00000| Complete 
| 444|0x000000009bc00000, 0x000000009bd00000, 0x000000009bd00000|100%| E|CS|TAMS 0x000000009bc00000| PB 0x000000009bc00000| Complete 
| 445|0x000000009bd00000, 0x000000009be00000, 0x000000009be00000|100%| E|CS|TAMS 0x000000009bd00000| PB 0x000000009bd00000| Complete 
| 446|0x000000009be00000, 0x000000009bf00000, 0x000000009bf00000|100%| E|CS|TAMS 0x000000009be00000| PB 0x000000009be00000| Complete 
| 447|0x000000009bf00000, 0x000000009c000000, 0x000000009c000000|100%| E|CS|TAMS 0x000000009bf00000| PB 0x000000009bf00000| Complete 
| 448|0x000000009c000000, 0x000000009c100000, 0x000000009c100000|100%| E|CS|TAMS 0x000000009c000000| PB 0x000000009c000000| Complete 
| 449|0x000000009c100000, 0x000000009c200000, 0x000000009c200000|100%| E|CS|TAMS 0x000000009c100000| PB 0x000000009c100000| Complete 
| 450|0x000000009c200000, 0x000000009c300000, 0x000000009c300000|100%| E|CS|TAMS 0x000000009c200000| PB 0x000000009c200000| Complete 
| 451|0x000000009c300000, 0x000000009c400000, 0x000000009c400000|100%| E|CS|TAMS 0x000000009c300000| PB 0x000000009c300000| Complete 
| 452|0x000000009c400000, 0x000000009c500000, 0x000000009c500000|100%| E|CS|TAMS 0x000000009c400000| PB 0x000000009c400000| Complete 
| 453|0x000000009c500000, 0x000000009c600000, 0x000000009c600000|100%| E|CS|TAMS 0x000000009c500000| PB 0x000000009c500000| Complete 
| 454|0x000000009c600000, 0x000000009c700000, 0x000000009c700000|100%| E|CS|TAMS 0x000000009c600000| PB 0x000000009c600000| Complete 
| 455|0x000000009c700000, 0x000000009c800000, 0x000000009c800000|100%| E|CS|TAMS 0x000000009c700000| PB 0x000000009c700000| Complete 
| 456|0x000000009c800000, 0x000000009c900000, 0x000000009c900000|100%| E|CS|TAMS 0x000000009c800000| PB 0x000000009c800000| Complete 
| 457|0x000000009c900000, 0x000000009ca00000, 0x000000009ca00000|100%| E|CS|TAMS 0x000000009c900000| PB 0x000000009c900000| Complete 
| 458|0x000000009ca00000, 0x000000009cb00000, 0x000000009cb00000|100%| E|CS|TAMS 0x000000009ca00000| PB 0x000000009ca00000| Complete 
| 459|0x000000009cb00000, 0x000000009cc00000, 0x000000009cc00000|100%| E|CS|TAMS 0x000000009cb00000| PB 0x000000009cb00000| Complete 
| 460|0x000000009cc00000, 0x000000009cd00000, 0x000000009cd00000|100%| E|CS|TAMS 0x000000009cc00000| PB 0x000000009cc00000| Complete 
| 461|0x000000009cd00000, 0x000000009ce00000, 0x000000009ce00000|100%| E|CS|TAMS 0x000000009cd00000| PB 0x000000009cd00000| Complete 
| 462|0x000000009ce00000, 0x000000009cf00000, 0x000000009cf00000|100%| E|CS|TAMS 0x000000009ce00000| PB 0x000000009ce00000| Complete 
| 463|0x000000009cf00000, 0x000000009d000000, 0x000000009d000000|100%| E|CS|TAMS 0x000000009cf00000| PB 0x000000009cf00000| Complete 
| 464|0x000000009d000000, 0x000000009d100000, 0x000000009d100000|100%| E|CS|TAMS 0x000000009d000000| PB 0x000000009d000000| Complete 
| 465|0x000000009d100000, 0x000000009d200000, 0x000000009d200000|100%| E|CS|TAMS 0x000000009d100000| PB 0x000000009d100000| Complete 
| 466|0x000000009d200000, 0x000000009d300000, 0x000000009d300000|100%| E|CS|TAMS 0x000000009d200000| PB 0x000000009d200000| Complete 
| 467|0x000000009d300000, 0x000000009d400000, 0x000000009d400000|100%| E|CS|TAMS 0x000000009d300000| PB 0x000000009d300000| Complete 
| 468|0x000000009d400000, 0x000000009d500000, 0x000000009d500000|100%| E|CS|TAMS 0x000000009d400000| PB 0x000000009d400000| Complete 
| 469|0x000000009d500000, 0x000000009d600000, 0x000000009d600000|100%| E|CS|TAMS 0x000000009d500000| PB 0x000000009d500000| Complete 
| 470|0x000000009d600000, 0x000000009d700000, 0x000000009d700000|100%| E|CS|TAMS 0x000000009d600000| PB 0x000000009d600000| Complete 
| 471|0x000000009d700000, 0x000000009d800000, 0x000000009d800000|100%| E|CS|TAMS 0x000000009d700000| PB 0x000000009d700000| Complete 
| 472|0x000000009d800000, 0x000000009d900000, 0x000000009d900000|100%| E|CS|TAMS 0x000000009d800000| PB 0x000000009d800000| Complete 
| 473|0x000000009d900000, 0x000000009da00000, 0x000000009da00000|100%| E|CS|TAMS 0x000000009d900000| PB 0x000000009d900000| Complete 
| 474|0x000000009da00000, 0x000000009db00000, 0x000000009db00000|100%| E|CS|TAMS 0x000000009da00000| PB 0x000000009da00000| Complete 
| 475|0x000000009db00000, 0x000000009dc00000, 0x000000009dc00000|100%| E|CS|TAMS 0x000000009db00000| PB 0x000000009db00000| Complete 
| 476|0x000000009dc00000, 0x000000009dd00000, 0x000000009dd00000|100%| E|CS|TAMS 0x000000009dc00000| PB 0x000000009dc00000| Complete 
| 477|0x000000009dd00000, 0x000000009de00000, 0x000000009de00000|100%| E|CS|TAMS 0x000000009dd00000| PB 0x000000009dd00000| Complete 
| 478|0x000000009de00000, 0x000000009df00000, 0x000000009df00000|100%| E|CS|TAMS 0x000000009de00000| PB 0x000000009de00000| Complete 
| 479|0x000000009df00000, 0x000000009e000000, 0x000000009e000000|100%| E|CS|TAMS 0x000000009df00000| PB 0x000000009df00000| Complete 
| 480|0x000000009e000000, 0x000000009e100000, 0x000000009e100000|100%| E|CS|TAMS 0x000000009e000000| PB 0x000000009e000000| Complete 
| 481|0x000000009e100000, 0x000000009e200000, 0x000000009e200000|100%| E|CS|TAMS 0x000000009e100000| PB 0x000000009e100000| Complete 
| 482|0x000000009e200000, 0x000000009e300000, 0x000000009e300000|100%| E|CS|TAMS 0x000000009e200000| PB 0x000000009e200000| Complete 
| 483|0x000000009e300000, 0x000000009e400000, 0x000000009e400000|100%| E|CS|TAMS 0x000000009e300000| PB 0x000000009e300000| Complete 
| 484|0x000000009e400000, 0x000000009e500000, 0x000000009e500000|100%| E|CS|TAMS 0x000000009e400000| PB 0x000000009e400000| Complete 
| 485|0x000000009e500000, 0x000000009e600000, 0x000000009e600000|100%| E|CS|TAMS 0x000000009e500000| PB 0x000000009e500000| Complete 
| 486|0x000000009e600000, 0x000000009e700000, 0x000000009e700000|100%| E|CS|TAMS 0x000000009e600000| PB 0x000000009e600000| Complete 
| 487|0x000000009e700000, 0x000000009e800000, 0x000000009e800000|100%| E|CS|TAMS 0x000000009e700000| PB 0x000000009e700000| Complete 
| 488|0x000000009e800000, 0x000000009e900000, 0x000000009e900000|100%| E|CS|TAMS 0x000000009e800000| PB 0x000000009e800000| Complete 
| 489|0x000000009e900000, 0x000000009ea00000, 0x000000009ea00000|100%| E|CS|TAMS 0x000000009e900000| PB 0x000000009e900000| Complete 
| 490|0x000000009ea00000, 0x000000009eb00000, 0x000000009eb00000|100%| E|CS|TAMS 0x000000009ea00000| PB 0x000000009ea00000| Complete 
| 491|0x000000009eb00000, 0x000000009ec00000, 0x000000009ec00000|100%| E|CS|TAMS 0x000000009eb00000| PB 0x000000009eb00000| Complete 
| 492|0x000000009ec00000, 0x000000009ed00000, 0x000000009ed00000|100%| E|CS|TAMS 0x000000009ec00000| PB 0x000000009ec00000| Complete 
| 493|0x000000009ed00000, 0x000000009ee00000, 0x000000009ee00000|100%| E|CS|TAMS 0x000000009ed00000| PB 0x000000009ed00000| Complete 
| 494|0x000000009ee00000, 0x000000009ef00000, 0x000000009ef00000|100%| E|CS|TAMS 0x000000009ee00000| PB 0x000000009ee00000| Complete 
| 495|0x000000009ef00000, 0x000000009f000000, 0x000000009f000000|100%| E|CS|TAMS 0x000000009ef00000| PB 0x000000009ef00000| Complete 
| 496|0x000000009f000000, 0x000000009f100000, 0x000000009f100000|100%| E|CS|TAMS 0x000000009f000000| PB 0x000000009f000000| Complete 
| 497|0x000000009f100000, 0x000000009f200000, 0x000000009f200000|100%| E|CS|TAMS 0x000000009f100000| PB 0x000000009f100000| Complete 
| 498|0x000000009f200000, 0x000000009f300000, 0x000000009f300000|100%| E|CS|TAMS 0x000000009f200000| PB 0x000000009f200000| Complete 
| 499|0x000000009f300000, 0x000000009f400000, 0x000000009f400000|100%| E|CS|TAMS 0x000000009f300000| PB 0x000000009f300000| Complete 
| 500|0x000000009f400000, 0x000000009f500000, 0x000000009f500000|100%| E|CS|TAMS 0x000000009f400000| PB 0x000000009f400000| Complete 
| 501|0x000000009f500000, 0x000000009f600000, 0x000000009f600000|100%| E|CS|TAMS 0x000000009f500000| PB 0x000000009f500000| Complete 
| 502|0x000000009f600000, 0x000000009f700000, 0x000000009f700000|100%| E|CS|TAMS 0x000000009f600000| PB 0x000000009f600000| Complete 
| 503|0x000000009f700000, 0x000000009f800000, 0x000000009f800000|100%| E|CS|TAMS 0x000000009f700000| PB 0x000000009f700000| Complete 
| 504|0x000000009f800000, 0x000000009f900000, 0x000000009f900000|100%| E|CS|TAMS 0x000000009f800000| PB 0x000000009f800000| Complete 
| 505|0x000000009f900000, 0x000000009fa00000, 0x000000009fa00000|100%| E|CS|TAMS 0x000000009f900000| PB 0x000000009f900000| Complete 
| 506|0x000000009fa00000, 0x000000009fb00000, 0x000000009fb00000|100%| E|CS|TAMS 0x000000009fa00000| PB 0x000000009fa00000| Complete 
| 507|0x000000009fb00000, 0x000000009fc00000, 0x000000009fc00000|100%| E|CS|TAMS 0x000000009fb00000| PB 0x000000009fb00000| Complete 
| 508|0x000000009fc00000, 0x000000009fd00000, 0x000000009fd00000|100%| E|CS|TAMS 0x000000009fc00000| PB 0x000000009fc00000| Complete 
| 509|0x000000009fd00000, 0x000000009fe00000, 0x000000009fe00000|100%| E|CS|TAMS 0x000000009fd00000| PB 0x000000009fd00000| Complete 
| 510|0x000000009fe00000, 0x000000009ff00000, 0x000000009ff00000|100%| E|CS|TAMS 0x000000009fe00000| PB 0x000000009fe00000| Complete 
| 511|0x000000009ff00000, 0x00000000a0000000, 0x00000000a0000000|100%| E|CS|TAMS 0x000000009ff00000| PB 0x000000009ff00000| Complete 
| 512|0x00000000a0000000, 0x00000000a0100000, 0x00000000a0100000|100%| E|CS|TAMS 0x00000000a0000000| PB 0x00000000a0000000| Complete 
| 513|0x00000000a0100000, 0x00000000a0200000, 0x00000000a0200000|100%| E|CS|TAMS 0x00000000a0100000| PB 0x00000000a0100000| Complete 
| 514|0x00000000a0200000, 0x00000000a0300000, 0x00000000a0300000|100%| E|CS|TAMS 0x00000000a0200000| PB 0x00000000a0200000| Complete 
| 515|0x00000000a0300000, 0x00000000a0400000, 0x00000000a0400000|100%| E|CS|TAMS 0x00000000a0300000| PB 0x00000000a0300000| Complete 
| 516|0x00000000a0400000, 0x00000000a0500000, 0x00000000a0500000|100%| E|CS|TAMS 0x00000000a0400000| PB 0x00000000a0400000| Complete 
| 517|0x00000000a0500000, 0x00000000a0600000, 0x00000000a0600000|100%| E|CS|TAMS 0x00000000a0500000| PB 0x00000000a0500000| Complete 
| 518|0x00000000a0600000, 0x00000000a0700000, 0x00000000a0700000|100%| E|CS|TAMS 0x00000000a0600000| PB 0x00000000a0600000| Complete 
| 519|0x00000000a0700000, 0x00000000a0800000, 0x00000000a0800000|100%| E|CS|TAMS 0x00000000a0700000| PB 0x00000000a0700000| Complete 
| 520|0x00000000a0800000, 0x00000000a0900000, 0x00000000a0900000|100%| E|CS|TAMS 0x00000000a0800000| PB 0x00000000a0800000| Complete 
| 521|0x00000000a0900000, 0x00000000a0a00000, 0x00000000a0a00000|100%| E|CS|TAMS 0x00000000a0900000| PB 0x00000000a0900000| Complete 
| 522|0x00000000a0a00000, 0x00000000a0b00000, 0x00000000a0b00000|100%| E|CS|TAMS 0x00000000a0a00000| PB 0x00000000a0a00000| Complete 
| 523|0x00000000a0b00000, 0x00000000a0c00000, 0x00000000a0c00000|100%| E|CS|TAMS 0x00000000a0b00000| PB 0x00000000a0b00000| Complete 
| 524|0x00000000a0c00000, 0x00000000a0d00000, 0x00000000a0d00000|100%| E|CS|TAMS 0x00000000a0c00000| PB 0x00000000a0c00000| Complete 
| 525|0x00000000a0d00000, 0x00000000a0e00000, 0x00000000a0e00000|100%| E|CS|TAMS 0x00000000a0d00000| PB 0x00000000a0d00000| Complete 
| 526|0x00000000a0e00000, 0x00000000a0f00000, 0x00000000a0f00000|100%| E|CS|TAMS 0x00000000a0e00000| PB 0x00000000a0e00000| Complete 
| 527|0x00000000a0f00000, 0x00000000a1000000, 0x00000000a1000000|100%| E|CS|TAMS 0x00000000a0f00000| PB 0x00000000a0f00000| Complete 
| 528|0x00000000a1000000, 0x00000000a1100000, 0x00000000a1100000|100%| E|CS|TAMS 0x00000000a1000000| PB 0x00000000a1000000| Complete 
| 529|0x00000000a1100000, 0x00000000a1200000, 0x00000000a1200000|100%| E|CS|TAMS 0x00000000a1100000| PB 0x00000000a1100000| Complete 
| 530|0x00000000a1200000, 0x00000000a1300000, 0x00000000a1300000|100%| E|CS|TAMS 0x00000000a1200000| PB 0x00000000a1200000| Complete 
| 531|0x00000000a1300000, 0x00000000a1400000, 0x00000000a1400000|100%| E|CS|TAMS 0x00000000a1300000| PB 0x00000000a1300000| Complete 
| 532|0x00000000a1400000, 0x00000000a1500000, 0x00000000a1500000|100%| E|CS|TAMS 0x00000000a1400000| PB 0x00000000a1400000| Complete 
| 533|0x00000000a1500000, 0x00000000a1600000, 0x00000000a1600000|100%| E|CS|TAMS 0x00000000a1500000| PB 0x00000000a1500000| Complete 
| 534|0x00000000a1600000, 0x00000000a1700000, 0x00000000a1700000|100%| E|CS|TAMS 0x00000000a1600000| PB 0x00000000a1600000| Complete 
| 535|0x00000000a1700000, 0x00000000a1800000, 0x00000000a1800000|100%| E|CS|TAMS 0x00000000a1700000| PB 0x00000000a1700000| Complete 
| 536|0x00000000a1800000, 0x00000000a1900000, 0x00000000a1900000|100%| E|CS|TAMS 0x00000000a1800000| PB 0x00000000a1800000| Complete 
| 537|0x00000000a1900000, 0x00000000a1a00000, 0x00000000a1a00000|100%| E|CS|TAMS 0x00000000a1900000| PB 0x00000000a1900000| Complete 
| 538|0x00000000a1a00000, 0x00000000a1b00000, 0x00000000a1b00000|100%| E|CS|TAMS 0x00000000a1a00000| PB 0x00000000a1a00000| Complete 
| 539|0x00000000a1b00000, 0x00000000a1c00000, 0x00000000a1c00000|100%| E|CS|TAMS 0x00000000a1b00000| PB 0x00000000a1b00000| Complete 
| 540|0x00000000a1c00000, 0x00000000a1d00000, 0x00000000a1d00000|100%| E|CS|TAMS 0x00000000a1c00000| PB 0x00000000a1c00000| Complete 
| 541|0x00000000a1d00000, 0x00000000a1e00000, 0x00000000a1e00000|100%| E|CS|TAMS 0x00000000a1d00000| PB 0x00000000a1d00000| Complete 
| 542|0x00000000a1e00000, 0x00000000a1f00000, 0x00000000a1f00000|100%| E|CS|TAMS 0x00000000a1e00000| PB 0x00000000a1e00000| Complete 
| 543|0x00000000a1f00000, 0x00000000a2000000, 0x00000000a2000000|100%| E|CS|TAMS 0x00000000a1f00000| PB 0x00000000a1f00000| Complete 
| 544|0x00000000a2000000, 0x00000000a2100000, 0x00000000a2100000|100%| E|CS|TAMS 0x00000000a2000000| PB 0x00000000a2000000| Complete 
| 545|0x00000000a2100000, 0x00000000a2200000, 0x00000000a2200000|100%| E|CS|TAMS 0x00000000a2100000| PB 0x00000000a2100000| Complete 
| 546|0x00000000a2200000, 0x00000000a2300000, 0x00000000a2300000|100%| E|CS|TAMS 0x00000000a2200000| PB 0x00000000a2200000| Complete 
| 547|0x00000000a2300000, 0x00000000a2400000, 0x00000000a2400000|100%| E|CS|TAMS 0x00000000a2300000| PB 0x00000000a2300000| Complete 
| 548|0x00000000a2400000, 0x00000000a2500000, 0x00000000a2500000|100%| E|CS|TAMS 0x00000000a2400000| PB 0x00000000a2400000| Complete 
| 549|0x00000000a2500000, 0x00000000a2600000, 0x00000000a2600000|100%| E|CS|TAMS 0x00000000a2500000| PB 0x00000000a2500000| Complete 
| 550|0x00000000a2600000, 0x00000000a2700000, 0x00000000a2700000|100%| E|CS|TAMS 0x00000000a2600000| PB 0x00000000a2600000| Complete 
| 551|0x00000000a2700000, 0x00000000a2800000, 0x00000000a2800000|100%| E|CS|TAMS 0x00000000a2700000| PB 0x00000000a2700000| Complete 
| 552|0x00000000a2800000, 0x00000000a2900000, 0x00000000a2900000|100%| E|CS|TAMS 0x00000000a2800000| PB 0x00000000a2800000| Complete 
| 553|0x00000000a2900000, 0x00000000a2a00000, 0x00000000a2a00000|100%| E|CS|TAMS 0x00000000a2900000| PB 0x00000000a2900000| Complete 
| 554|0x00000000a2a00000, 0x00000000a2b00000, 0x00000000a2b00000|100%| E|CS|TAMS 0x00000000a2a00000| PB 0x00000000a2a00000| Complete 
| 555|0x00000000a2b00000, 0x00000000a2c00000, 0x00000000a2c00000|100%| E|CS|TAMS 0x00000000a2b00000| PB 0x00000000a2b00000| Complete 
| 556|0x00000000a2c00000, 0x00000000a2d00000, 0x00000000a2d00000|100%| E|CS|TAMS 0x00000000a2c00000| PB 0x00000000a2c00000| Complete 
| 557|0x00000000a2d00000, 0x00000000a2e00000, 0x00000000a2e00000|100%| E|CS|TAMS 0x00000000a2d00000| PB 0x00000000a2d00000| Complete 
| 558|0x00000000a2e00000, 0x00000000a2f00000, 0x00000000a2f00000|100%| E|CS|TAMS 0x00000000a2e00000| PB 0x00000000a2e00000| Complete 
| 559|0x00000000a2f00000, 0x00000000a3000000, 0x00000000a3000000|100%| E|CS|TAMS 0x00000000a2f00000| PB 0x00000000a2f00000| Complete 
| 560|0x00000000a3000000, 0x00000000a3100000, 0x00000000a3100000|100%| E|CS|TAMS 0x00000000a3000000| PB 0x00000000a3000000| Complete 
| 561|0x00000000a3100000, 0x00000000a3200000, 0x00000000a3200000|100%| E|CS|TAMS 0x00000000a3100000| PB 0x00000000a3100000| Complete 
| 562|0x00000000a3200000, 0x00000000a3300000, 0x00000000a3300000|100%| E|CS|TAMS 0x00000000a3200000| PB 0x00000000a3200000| Complete 
| 563|0x00000000a3300000, 0x00000000a3400000, 0x00000000a3400000|100%| E|CS|TAMS 0x00000000a3300000| PB 0x00000000a3300000| Complete 
| 564|0x00000000a3400000, 0x00000000a3500000, 0x00000000a3500000|100%| E|CS|TAMS 0x00000000a3400000| PB 0x00000000a3400000| Complete 
| 565|0x00000000a3500000, 0x00000000a3600000, 0x00000000a3600000|100%| E|CS|TAMS 0x00000000a3500000| PB 0x00000000a3500000| Complete 
| 566|0x00000000a3600000, 0x00000000a3700000, 0x00000000a3700000|100%| E|CS|TAMS 0x00000000a3600000| PB 0x00000000a3600000| Complete 
| 567|0x00000000a3700000, 0x00000000a3800000, 0x00000000a3800000|100%| E|CS|TAMS 0x00000000a3700000| PB 0x00000000a3700000| Complete 
| 568|0x00000000a3800000, 0x00000000a3900000, 0x00000000a3900000|100%| E|CS|TAMS 0x00000000a3800000| PB 0x00000000a3800000| Complete 
| 569|0x00000000a3900000, 0x00000000a3a00000, 0x00000000a3a00000|100%| E|CS|TAMS 0x00000000a3900000| PB 0x00000000a3900000| Complete 
| 570|0x00000000a3a00000, 0x00000000a3b00000, 0x00000000a3b00000|100%| E|CS|TAMS 0x00000000a3a00000| PB 0x00000000a3a00000| Complete 
| 571|0x00000000a3b00000, 0x00000000a3c00000, 0x00000000a3c00000|100%| E|CS|TAMS 0x00000000a3b00000| PB 0x00000000a3b00000| Complete 
| 572|0x00000000a3c00000, 0x00000000a3d00000, 0x00000000a3d00000|100%| E|CS|TAMS 0x00000000a3c00000| PB 0x00000000a3c00000| Complete 
| 573|0x00000000a3d00000, 0x00000000a3e00000, 0x00000000a3e00000|100%| E|CS|TAMS 0x00000000a3d00000| PB 0x00000000a3d00000| Complete 
| 574|0x00000000a3e00000, 0x00000000a3f00000, 0x00000000a3f00000|100%| E|CS|TAMS 0x00000000a3e00000| PB 0x00000000a3e00000| Complete 
| 575|0x00000000a3f00000, 0x00000000a4000000, 0x00000000a4000000|100%| E|CS|TAMS 0x00000000a3f00000| PB 0x00000000a3f00000| Complete 
| 576|0x00000000a4000000, 0x00000000a4100000, 0x00000000a4100000|100%| E|CS|TAMS 0x00000000a4000000| PB 0x00000000a4000000| Complete 
| 577|0x00000000a4100000, 0x00000000a4200000, 0x00000000a4200000|100%| E|CS|TAMS 0x00000000a4100000| PB 0x00000000a4100000| Complete 
| 578|0x00000000a4200000, 0x00000000a4300000, 0x00000000a4300000|100%| E|CS|TAMS 0x00000000a4200000| PB 0x00000000a4200000| Complete 
| 579|0x00000000a4300000, 0x00000000a4400000, 0x00000000a4400000|100%| E|CS|TAMS 0x00000000a4300000| PB 0x00000000a4300000| Complete 
| 580|0x00000000a4400000, 0x00000000a4500000, 0x00000000a4500000|100%| E|CS|TAMS 0x00000000a4400000| PB 0x00000000a4400000| Complete 
| 581|0x00000000a4500000, 0x00000000a4600000, 0x00000000a4600000|100%| E|CS|TAMS 0x00000000a4500000| PB 0x00000000a4500000| Complete 
| 582|0x00000000a4600000, 0x00000000a4700000, 0x00000000a4700000|100%| E|CS|TAMS 0x00000000a4600000| PB 0x00000000a4600000| Complete 
| 583|0x00000000a4700000, 0x00000000a4800000, 0x00000000a4800000|100%| E|CS|TAMS 0x00000000a4700000| PB 0x00000000a4700000| Complete 
| 584|0x00000000a4800000, 0x00000000a4900000, 0x00000000a4900000|100%| E|CS|TAMS 0x00000000a4800000| PB 0x00000000a4800000| Complete 
| 585|0x00000000a4900000, 0x00000000a4a00000, 0x00000000a4a00000|100%| E|CS|TAMS 0x00000000a4900000| PB 0x00000000a4900000| Complete 
| 586|0x00000000a4a00000, 0x00000000a4b00000, 0x00000000a4b00000|100%| E|CS|TAMS 0x00000000a4a00000| PB 0x00000000a4a00000| Complete 
| 587|0x00000000a4b00000, 0x00000000a4c00000, 0x00000000a4c00000|100%| E|CS|TAMS 0x00000000a4b00000| PB 0x00000000a4b00000| Complete 
| 588|0x00000000a4c00000, 0x00000000a4d00000, 0x00000000a4d00000|100%| E|CS|TAMS 0x00000000a4c00000| PB 0x00000000a4c00000| Complete 
| 589|0x00000000a4d00000, 0x00000000a4e00000, 0x00000000a4e00000|100%| E|CS|TAMS 0x00000000a4d00000| PB 0x00000000a4d00000| Complete 
| 590|0x00000000a4e00000, 0x00000000a4f00000, 0x00000000a4f00000|100%| E|CS|TAMS 0x00000000a4e00000| PB 0x00000000a4e00000| Complete 
| 591|0x00000000a4f00000, 0x00000000a5000000, 0x00000000a5000000|100%| E|CS|TAMS 0x00000000a4f00000| PB 0x00000000a4f00000| Complete 
| 592|0x00000000a5000000, 0x00000000a5100000, 0x00000000a5100000|100%| E|CS|TAMS 0x00000000a5000000| PB 0x00000000a5000000| Complete 
| 593|0x00000000a5100000, 0x00000000a5200000, 0x00000000a5200000|100%| E|CS|TAMS 0x00000000a5100000| PB 0x00000000a5100000| Complete 
| 594|0x00000000a5200000, 0x00000000a5300000, 0x00000000a5300000|100%| E|CS|TAMS 0x00000000a5200000| PB 0x00000000a5200000| Complete 
| 595|0x00000000a5300000, 0x00000000a5400000, 0x00000000a5400000|100%| E|CS|TAMS 0x00000000a5300000| PB 0x00000000a5300000| Complete 
| 596|0x00000000a5400000, 0x00000000a5500000, 0x00000000a5500000|100%| E|CS|TAMS 0x00000000a5400000| PB 0x00000000a5400000| Complete 
| 597|0x00000000a5500000, 0x00000000a5600000, 0x00000000a5600000|100%| E|CS|TAMS 0x00000000a5500000| PB 0x00000000a5500000| Complete 
| 598|0x00000000a5600000, 0x00000000a5700000, 0x00000000a5700000|100%| E|CS|TAMS 0x00000000a5600000| PB 0x00000000a5600000| Complete 
| 599|0x00000000a5700000, 0x00000000a5800000, 0x00000000a5800000|100%| E|CS|TAMS 0x00000000a5700000| PB 0x00000000a5700000| Complete 
| 600|0x00000000a5800000, 0x00000000a5900000, 0x00000000a5900000|100%| E|CS|TAMS 0x00000000a5800000| PB 0x00000000a5800000| Complete 
| 601|0x00000000a5900000, 0x00000000a5a00000, 0x00000000a5a00000|100%| E|CS|TAMS 0x00000000a5900000| PB 0x00000000a5900000| Complete 
| 602|0x00000000a5a00000, 0x00000000a5b00000, 0x00000000a5b00000|100%| E|CS|TAMS 0x00000000a5a00000| PB 0x00000000a5a00000| Complete 
| 603|0x00000000a5b00000, 0x00000000a5c00000, 0x00000000a5c00000|100%| E|CS|TAMS 0x00000000a5b00000| PB 0x00000000a5b00000| Complete 
| 604|0x00000000a5c00000, 0x00000000a5d00000, 0x00000000a5d00000|100%| E|CS|TAMS 0x00000000a5c00000| PB 0x00000000a5c00000| Complete 
| 605|0x00000000a5d00000, 0x00000000a5e00000, 0x00000000a5e00000|100%| S|CS|TAMS 0x00000000a5d00000| PB 0x00000000a5d00000| Complete 
| 606|0x00000000a5e00000, 0x00000000a5f00000, 0x00000000a5f00000|100%| S|CS|TAMS 0x00000000a5e00000| PB 0x00000000a5e00000| Complete 
| 607|0x00000000a5f00000, 0x00000000a5f80000, 0x00000000a6000000| 50%| S|CS|TAMS 0x00000000a5f00000| PB 0x00000000a5f00000| Complete 
|2022|0x00000000fe600000, 0x00000000fe700000, 0x00000000fe700000|100%| O|  |TAMS 0x00000000fe600000| PB 0x00000000fe600000| Untracked 
|2023|0x00000000fe700000, 0x00000000fe800000, 0x00000000fe800000|100%| E|CS|TAMS 0x00000000fe700000| PB 0x00000000fe700000| Complete 
|2024|0x00000000fe800000, 0x00000000fe900000, 0x00000000fe900000|100%| E|CS|TAMS 0x00000000fe800000| PB 0x00000000fe800000| Complete 
|2025|0x00000000fe900000, 0x00000000fea00000, 0x00000000fea00000|100%| O|  |TAMS 0x00000000fe900000| PB 0x00000000fe900000| Untracked 
|2026|0x00000000fea00000, 0x00000000feb00000, 0x00000000feb00000|100%| O|  |TAMS 0x00000000fea00000| PB 0x00000000fea00000| Untracked 
|2027|0x00000000feb00000, 0x00000000fec00000, 0x00000000fec00000|100%| O|  |TAMS 0x00000000feb00000| PB 0x00000000feb00000| Untracked 
|2028|0x00000000fec00000, 0x00000000fed00000, 0x00000000fed00000|100%| E|CS|TAMS 0x00000000fec00000| PB 0x00000000fec00000| Complete 
|2029|0x00000000fed00000, 0x00000000fee00000, 0x00000000fee00000|100%| E|CS|TAMS 0x00000000fed00000| PB 0x00000000fed00000| Complete 
|2030|0x00000000fee00000, 0x00000000fef00000, 0x00000000fef00000|100%| E|CS|TAMS 0x00000000fee00000| PB 0x00000000fee00000| Complete 
|2031|0x00000000fef00000, 0x00000000ff000000, 0x00000000ff000000|100%| O|  |TAMS 0x00000000fef00000| PB 0x00000000fef00000| Untracked 
|2032|0x00000000ff000000, 0x00000000ff100000, 0x00000000ff100000|100%| E|CS|TAMS 0x00000000ff000000| PB 0x00000000ff000000| Complete 
|2033|0x00000000ff100000, 0x00000000ff200000, 0x00000000ff200000|100%| E|CS|TAMS 0x00000000ff100000| PB 0x00000000ff100000| Complete 
|2034|0x00000000ff200000, 0x00000000ff300000, 0x00000000ff300000|100%| E|CS|TAMS 0x00000000ff200000| PB 0x00000000ff200000| Complete 
|2035|0x00000000ff300000, 0x00000000ff400000, 0x00000000ff400000|100%| E|CS|TAMS 0x00000000ff300000| PB 0x00000000ff300000| Complete 
|2036|0x00000000ff400000, 0x00000000ff500000, 0x00000000ff500000|100%| E|CS|TAMS 0x00000000ff400000| PB 0x00000000ff400000| Complete 
|2037|0x00000000ff500000, 0x00000000ff600000, 0x00000000ff600000|100%| E|CS|TAMS 0x00000000ff500000| PB 0x00000000ff500000| Complete 
|2038|0x00000000ff600000, 0x00000000ff700000, 0x00000000ff700000|100%| E|CS|TAMS 0x00000000ff600000| PB 0x00000000ff600000| Complete 
|2039|0x00000000ff700000, 0x00000000ff800000, 0x00000000ff800000|100%| E|CS|TAMS 0x00000000ff700000| PB 0x00000000ff700000| Complete 
|2040|0x00000000ff800000, 0x00000000ff900000, 0x00000000ff900000|100%| E|CS|TAMS 0x00000000ff800000| PB 0x00000000ff800000| Complete 
|2041|0x00000000ff900000, 0x00000000ffa00000, 0x00000000ffa00000|100%| E|CS|TAMS 0x00000000ff900000| PB 0x00000000ff900000| Complete 
|2042|0x00000000ffa00000, 0x00000000ffb00000, 0x00000000ffb00000|100%| E|CS|TAMS 0x00000000ffa00000| PB 0x00000000ffa00000| Complete 
|2043|0x00000000ffb00000, 0x00000000ffc00000, 0x00000000ffc00000|100%| O|  |TAMS 0x00000000ffb00000| PB 0x00000000ffb00000| Untracked 
|2044|0x00000000ffc00000, 0x00000000ffd00000, 0x00000000ffd00000|100%| E|CS|TAMS 0x00000000ffc00000| PB 0x00000000ffc00000| Complete 
|2045|0x00000000ffd00000, 0x00000000ffe00000, 0x00000000ffe00000|100%| E|CS|TAMS 0x00000000ffd00000| PB 0x00000000ffd00000| Complete 
|2046|0x00000000ffe00000, 0x00000000fff00000, 0x00000000fff00000|100%| E|CS|TAMS 0x00000000ffe00000| PB 0x00000000ffe00000| Complete 
|2047|0x00000000fff00000, 0x0000000100000000, 0x0000000100000000|100%| E|CS|TAMS 0x00000000fff00000| PB 0x00000000fff00000| Complete 

Card table byte_map: [0x000002241be50000,0x000002241c250000] _byte_map_base: 0x000002241ba50000

Marking Bits: (CMBitMap*) 0x00000224093fe870
 Bits: [0x000002241c250000, 0x000002241e250000)

Polling page: 0x0000022407140000

Metaspace:

Usage:
  Non-class:    153.17 MB used.
      Class:     24.16 MB used.
       Both:    177.33 MB used.

Virtual space:
  Non-class space:      192.00 MB reserved,     154.31 MB ( 80%) committed,  3 nodes.
      Class space:        1.00 GB reserved,      25.38 MB (  2%) committed,  1 nodes.
             Both:        1.19 GB reserved,     179.69 MB ( 15%) committed. 

Chunk freelists:
   Non-Class:  5.14 MB
       Class:  6.61 MB
        Both:  11.75 MB

MaxMetaspaceSize: unlimited
CompressedClassSpaceSize: 1.00 GB
Initial GC threshold: 21.00 MB
Current GC threshold: 299.50 MB
CDS: off
 - commit_granule_bytes: 65536.
 - commit_granule_words: 8192.
 - virtual_space_node_default_size: 8388608.
 - enlarge_chunks_in_place: 1.
 - use_allocation_guard: 0.


Internal statistics:

num_allocs_failed_limit: 12.
num_arena_births: 5158.
num_arena_deaths: 138.
num_vsnodes_births: 4.
num_vsnodes_deaths: 0.
num_space_committed: 2879.
num_space_uncommitted: 5.
num_chunks_returned_to_freelist: 248.
num_chunks_taken_from_freelist: 13095.
num_chunk_merges: 84.
num_chunk_splits: 8588.
num_chunks_enlarged: 5540.
num_inconsistent_stats: 0.

CodeHeap 'non-profiled nmethods': size=120000Kb used=14001Kb max_used=15830Kb free=105998Kb
 bounds [0x0000022413fd0000, 0x0000022414fb0000, 0x000002241b500000]
CodeHeap 'profiled nmethods': size=120000Kb used=20880Kb max_used=43521Kb free=99119Kb
 bounds [0x000002240c500000, 0x000002240efd0000, 0x0000022413a30000]
CodeHeap 'non-nmethods': size=5760Kb used=2247Kb max_used=2343Kb free=3512Kb
 bounds [0x0000022413a30000, 0x0000022413ca0000, 0x0000022413fd0000]
CodeCache: size=245760Kb, used=37128Kb, max_used=61694Kb, free=208629Kb
 total_blobs=13733, nmethods=12634, adapters=1001, full_count=0
Compilation: enabled, stopped_count=0, restarted_count=0

Compilation events (20 events):
Event: 372.210 Thread 0x000002242102dd70 nmethod 37038 0x0000022414762010 code [0x0000022414762360, 0x0000022414763de8]
Event: 372.211 Thread 0x000002242d6cc220 37224       4       com.android.tools.r8.internal.pd3::a (116 bytes)
Event: 372.211 Thread 0x000002242102dd70 37080       4       com.android.tools.r8.internal.r60::b (10 bytes)
Event: 372.211 Thread 0x000002242102dd70 nmethod 37080 0x0000022414a13e90 code [0x0000022414a14020, 0x0000022414a140e0]
Event: 372.211 Thread 0x000002242102dd70 36570       4       com.android.tools.r8.graph.f3::x0 (8 bytes)
Event: 372.212 Thread 0x000002242d6cc220 nmethod 37224 0x00000224145e5810 code [0x00000224145e59a0, 0x00000224145e5b08]
Event: 372.212 Thread 0x000002242102dd70 nmethod 36570 0x0000022414a1b410 code [0x0000022414a1b5a0, 0x0000022414a1b650]
Event: 372.212 Thread 0x000002242d6cc220 37169       4       com.android.tools.r8.graph.l6::a (6 bytes)
Event: 372.212 Thread 0x000002242102dd70 36882       4       com.android.tools.r8.graph.h::i (12 bytes)
Event: 372.212 Thread 0x000002242102dd70 nmethod 36882 0x0000022414a1e910 code [0x0000022414a1eaa0, 0x0000022414a1eb28]
Event: 372.212 Thread 0x000002242102dd70 36896       4       com.android.tools.r8.internal.bk4::d (70 bytes)
Event: 372.213 Thread 0x000002242102dd70 nmethod 36896 0x00000224145e5490 code [0x00000224145e5620, 0x00000224145e5738]
Event: 372.213 Thread 0x000002242102dd70 37061       4       java.util.LinkedList::unlinkFirst (64 bytes)
Event: 372.214 Thread 0x000002242104e820 37399       2       com.android.tools.r8.synthesis.d::a (288 bytes)
Event: 372.215 Thread 0x000002242102dd70 nmethod 37061 0x00000224145e4c90 code [0x00000224145e4e20, 0x00000224145e5138]
Event: 372.215 Thread 0x000002242102dd70 37400       4       java.util.TreeMap::leftOf (13 bytes)
Event: 372.216 Thread 0x000002242104e820 nmethod 37399 0x000002240d762990 code [0x000002240d762d40, 0x000002240d763d90]
Event: 372.216 Thread 0x000002242102dd70 nmethod 37400 0x0000022414a1fe10 code [0x0000022414a1ffa0, 0x0000022414a20028]
Event: 372.216 Thread 0x000002242102dd70 37085       4       com.android.tools.r8.ir.optimize.a1::<init> (18 bytes)
Event: 372.218 Thread 0x000002242102dd70 nmethod 37085 0x00000224149e0910 code [0x00000224149e0aa0, 0x00000224149e0d08]

GC Heap History (20 events):
Event: 333.290 GC heap before
{Heap before GC invocations=86 (full 0):
 garbage-first heap   total 560128K, used 529967K [0x0000000080000000, 0x0000000100000000)
  region size 1024K, 289 young (295936K), 17 survivors (17408K)
 Metaspace       used 180132K, committed 182912K, reserved 1245184K
  class space    used 24564K, committed 25856K, reserved 1048576K
}
Event: 333.299 GC heap after
{Heap after GC invocations=87 (full 0):
 garbage-first heap   total 560128K, used 247886K [0x0000000080000000, 0x0000000100000000)
  region size 1024K, 13 young (13312K), 13 survivors (13312K)
 Metaspace       used 180132K, committed 182912K, reserved 1245184K
  class space    used 24564K, committed 25856K, reserved 1048576K
}
Event: 338.779 GC heap before
{Heap before GC invocations=88 (full 0):
 garbage-first heap   total 604160K, used 602190K [0x0000000080000000, 0x0000000100000000)
  region size 1024K, 182 young (186368K), 13 survivors (13312K)
 Metaspace       used 181277K, committed 183680K, reserved 1245184K
  class space    used 24712K, committed 25920K, reserved 1048576K
}
Event: 338.788 GC heap after
{Heap after GC invocations=89 (full 0):
 garbage-first heap   total 616448K, used 247072K [0x0000000080000000, 0x0000000100000000)
  region size 1024K, 12 young (12288K), 12 survivors (12288K)
 Metaspace       used 181277K, committed 183680K, reserved 1245184K
  class space    used 24712K, committed 25920K, reserved 1048576K
}
Event: 370.242 GC heap before
{Heap before GC invocations=89 (full 0):
 garbage-first heap   total 616448K, used 582944K [0x0000000080000000, 0x0000000100000000)
  region size 1024K, 341 young (349184K), 12 survivors (12288K)
 Metaspace       used 181527K, committed 183936K, reserved 1245184K
  class space    used 24735K, committed 25984K, reserved 1048576K
}
Event: 370.270 GC heap after
{Heap after GC invocations=90 (full 0):
 garbage-first heap   total 631808K, used 269397K [0x0000000080000000, 0x0000000100000000)
  region size 1024K, 43 young (44032K), 43 survivors (44032K)
 Metaspace       used 181527K, committed 183936K, reserved 1245184K
  class space    used 24735K, committed 25984K, reserved 1048576K
}
Event: 370.523 GC heap before
{Heap before GC invocations=90 (full 0):
 garbage-first heap   total 631808K, used 580693K [0x0000000080000000, 0x0000000100000000)
  region size 1024K, 348 young (356352K), 43 survivors (44032K)
 Metaspace       used 181550K, committed 184000K, reserved 1245184K
  class space    used 24735K, committed 25984K, reserved 1048576K
}
Event: 370.554 GC heap after
{Heap after GC invocations=91 (full 0):
 garbage-first heap   total 646144K, used 289298K [0x0000000080000000, 0x0000000100000000)
  region size 1024K, 26 young (26624K), 26 survivors (26624K)
 Metaspace       used 181550K, committed 184000K, reserved 1245184K
  class space    used 24735K, committed 25984K, reserved 1048576K
}
Event: 370.794 GC heap before
{Heap before GC invocations=91 (full 0):
 garbage-first heap   total 646144K, used 580114K [0x0000000080000000, 0x0000000100000000)
  region size 1024K, 319 young (326656K), 26 survivors (26624K)
 Metaspace       used 181552K, committed 184000K, reserved 1245184K
  class space    used 24735K, committed 25984K, reserved 1048576K
}
Event: 370.809 GC heap after
{Heap after GC invocations=92 (full 0):
 garbage-first heap   total 646144K, used 282112K [0x0000000080000000, 0x0000000100000000)
  region size 1024K, 5 young (5120K), 5 survivors (5120K)
 Metaspace       used 181552K, committed 184000K, reserved 1245184K
  class space    used 24735K, committed 25984K, reserved 1048576K
}
Event: 371.009 GC heap before
{Heap before GC invocations=93 (full 0):
 garbage-first heap   total 646144K, used 595456K [0x0000000080000000, 0x0000000100000000)
  region size 1024K, 311 young (318464K), 5 survivors (5120K)
 Metaspace       used 181556K, committed 184000K, reserved 1245184K
  class space    used 24735K, committed 25984K, reserved 1048576K
}
Event: 371.018 GC heap after
{Heap after GC invocations=94 (full 0):
 garbage-first heap   total 646144K, used 285106K [0x0000000080000000, 0x0000000100000000)
  region size 1024K, 8 young (8192K), 8 survivors (8192K)
 Metaspace       used 181556K, committed 184000K, reserved 1245184K
  class space    used 24735K, committed 25984K, reserved 1048576K
}
Event: 371.212 GC heap before
{Heap before GC invocations=94 (full 0):
 garbage-first heap   total 646144K, used 601522K [0x0000000080000000, 0x0000000100000000)
  region size 1024K, 318 young (325632K), 8 survivors (8192K)
 Metaspace       used 181566K, committed 184000K, reserved 1245184K
  class space    used 24735K, committed 25984K, reserved 1048576K
}
Event: 371.230 GC heap after
{Heap after GC invocations=95 (full 0):
 garbage-first heap   total 646144K, used 252659K [0x0000000080000000, 0x0000000100000000)
  region size 1024K, 12 young (12288K), 12 survivors (12288K)
 Metaspace       used 181566K, committed 184000K, reserved 1245184K
  class space    used 24735K, committed 25984K, reserved 1048576K
}
Event: 371.439 GC heap before
{Heap before GC invocations=95 (full 0):
 garbage-first heap   total 646144K, used 600819K [0x0000000080000000, 0x0000000100000000)
  region size 1024K, 352 young (360448K), 12 survivors (12288K)
 Metaspace       used 181567K, committed 184000K, reserved 1245184K
  class space    used 24735K, committed 25984K, reserved 1048576K
}
Event: 371.446 GC heap after
{Heap after GC invocations=96 (full 0):
 garbage-first heap   total 646144K, used 250696K [0x0000000080000000, 0x0000000100000000)
  region size 1024K, 10 young (10240K), 10 survivors (10240K)
 Metaspace       used 181567K, committed 184000K, reserved 1245184K
  class space    used 24735K, committed 25984K, reserved 1048576K
}
Event: 371.751 GC heap before
{Heap before GC invocations=97 (full 0):
 garbage-first heap   total 646144K, used 602952K [0x0000000080000000, 0x0000000100000000)
  region size 1024K, 360 young (368640K), 10 survivors (10240K)
 Metaspace       used 181567K, committed 184000K, reserved 1245184K
  class space    used 24735K, committed 25984K, reserved 1048576K
}
Event: 371.761 GC heap after
{Heap after GC invocations=98 (full 0):
 garbage-first heap   total 646144K, used 250672K [0x0000000080000000, 0x0000000100000000)
  region size 1024K, 16 young (16384K), 16 survivors (16384K)
 Metaspace       used 181567K, committed 184000K, reserved 1245184K
  class space    used 24735K, committed 25984K, reserved 1048576K
}
Event: 371.994 GC heap before
{Heap before GC invocations=98 (full 0):
 garbage-first heap   total 646144K, used 611120K [0x0000000080000000, 0x0000000100000000)
  region size 1024K, 368 young (376832K), 16 survivors (16384K)
 Metaspace       used 181567K, committed 184000K, reserved 1245184K
  class space    used 24735K, committed 25984K, reserved 1048576K
}
Event: 372.012 GC heap after
{Heap after GC invocations=99 (full 0):
 garbage-first heap   total 649216K, used 220305K [0x0000000080000000, 0x0000000100000000)
  region size 1024K, 17 young (17408K), 17 survivors (17408K)
 Metaspace       used 181567K, committed 184000K, reserved 1245184K
  class space    used 24735K, committed 25984K, reserved 1048576K
}

Dll operation events (4 events):
Event: 0.009 Loaded shared library C:\Program Files\Android\Android Studio\jbr\bin\java.dll
Event: 0.014 Loaded shared library C:\Program Files\Android\Android Studio\jbr\bin\zip.dll
Event: 0.474 Loaded shared library C:\Program Files\Android\Android Studio\jbr\bin\verify.dll
Event: 326.350 Unloaded dll "C:\Users\gabov\AppData\Local\Temp\sqlite-3.41.2.2-2ce70cb7-f78b-4ceb-92c1-1933bb306b20-sqlitejdbc.dll" [0x00007ffe02f50000]

Deoptimization events (20 events):
Event: 372.069 Thread 0x000002242e203450 DEOPT PACKING pc=0x000002240da8202c sp=0x0000006f969fc4c0
Event: 372.069 Thread 0x000002242e203450 DEOPT UNPACKING pc=0x0000022413a84b42 sp=0x0000006f969fba70 mode 0
Event: 372.086 Thread 0x000002242e207c80 DEOPT PACKING pc=0x000002240db1892d sp=0x0000006f974fc940
Event: 372.086 Thread 0x000002242e207c80 DEOPT UNPACKING pc=0x0000022413a84b42 sp=0x0000006f974fbe48 mode 0
Event: 372.093 Thread 0x000002242e208310 DEOPT PACKING pc=0x000002240da820cb sp=0x0000006f975fc430
Event: 372.093 Thread 0x000002242e208310 DEOPT UNPACKING pc=0x0000022413a84b42 sp=0x0000006f975fb9e0 mode 0
Event: 372.094 Thread 0x000002242e208310 DEOPT PACKING pc=0x000002240da8202c sp=0x0000006f975fc430
Event: 372.094 Thread 0x000002242e208310 DEOPT UNPACKING pc=0x0000022413a84b42 sp=0x0000006f975fb9e0 mode 0
Event: 372.124 Thread 0x000002242e203450 DEOPT PACKING pc=0x000002240d7fd49a sp=0x0000006f969fc5d0
Event: 372.124 Thread 0x000002242e203450 DEOPT UNPACKING pc=0x0000022413a84b42 sp=0x0000006f969fbba8 mode 0
Event: 372.150 Thread 0x000002242e208310 DEOPT PACKING pc=0x000002240e0265c8 sp=0x0000006f975fc440
Event: 372.150 Thread 0x000002242e208310 DEOPT UNPACKING pc=0x0000022413a84b42 sp=0x0000006f975fb970 mode 0
Event: 372.155 Thread 0x000002242e203450 DEOPT PACKING pc=0x000002240e02c309 sp=0x0000006f969fc470
Event: 372.155 Thread 0x000002242e203450 DEOPT UNPACKING pc=0x0000022413a84b42 sp=0x0000006f969fba78 mode 0
Event: 372.183 Thread 0x000002242e208310 DEOPT PACKING pc=0x000002240d7ee89e sp=0x0000006f975fcd00
Event: 372.183 Thread 0x000002242e208310 DEOPT UNPACKING pc=0x0000022413a84b42 sp=0x0000006f975fc460 mode 0
Event: 372.196 Thread 0x000002242e203450 DEOPT PACKING pc=0x000002240da8202c sp=0x0000006f969fc4c0
Event: 372.196 Thread 0x000002242e203450 DEOPT UNPACKING pc=0x0000022413a84b42 sp=0x0000006f969fba70 mode 0
Event: 372.210 Thread 0x000002242e207c80 DEOPT PACKING pc=0x000002240dc707de sp=0x0000006f974fc080
Event: 372.210 Thread 0x000002242e207c80 DEOPT UNPACKING pc=0x0000022413a84b42 sp=0x0000006f974fb670 mode 0

Classes loaded (20 events):
Event: 324.406 Loading class sun/rmi/transport/DGCClient$EndpointEntry$CleanRequest
Event: 324.406 Loading class sun/rmi/transport/DGCClient$EndpointEntry$CleanRequest done
Event: 335.505 Loading class java/io/PushbackInputStream
Event: 335.505 Loading class java/io/PushbackInputStream done
Event: 336.315 Loading class java/nio/HeapShortBuffer
Event: 336.316 Loading class java/nio/HeapShortBuffer done
Event: 343.032 Loading class java/lang/StackStreamFactory
Event: 343.032 Loading class java/lang/StackStreamFactory done
Event: 343.032 Loading class java/lang/StackWalker$ExtendedOption
Event: 343.032 Loading class java/lang/StackWalker$ExtendedOption done
Event: 343.032 Loading class java/lang/StackStreamFactory$StackFrameTraverser
Event: 343.033 Loading class java/lang/StackStreamFactory$StackFrameTraverser done
Event: 343.033 Loading class java/lang/StackStreamFactory$WalkerState
Event: 343.033 Loading class java/lang/StackStreamFactory$WalkerState done
Event: 343.033 Loading class java/lang/StackStreamFactory$StackFrameTraverser$StackFrameBuffer
Event: 343.033 Loading class java/lang/StackStreamFactory$FrameBuffer
Event: 343.033 Loading class java/lang/StackStreamFactory$FrameBuffer done
Event: 343.033 Loading class java/lang/StackStreamFactory$StackFrameTraverser$StackFrameBuffer done
Event: 343.034 Loading class java/util/logging/LogRecord
Event: 343.034 Loading class java/util/logging/LogRecord done

Classes unloaded (20 events):
Event: 326.320 Thread 0x0000022420ee9400 Unloading class 0x00000001016f66f8 'androidx/room/compiler/processing/XProcessingEnv$Platform'
Event: 326.320 Thread 0x0000022420ee9400 Unloading class 0x00000001016f64a0 'androidx/room/compiler/processing/ksp/KspProcessingEnv$$Lambda+0x00000001016f64a0'
Event: 326.320 Thread 0x0000022420ee9400 Unloading class 0x00000001016f6000 'androidx/room/compiler/processing/XProcessingEnv$Backend'
Event: 326.320 Thread 0x0000022420ee9400 Unloading class 0x00000001016f5d68 'androidx/room/compiler/processing/XProcessingEnv$Companion'
Event: 326.320 Thread 0x0000022420ee9400 Unloading class 0x00000001016f59a0 'androidx/room/compiler/processing/ksp/KspProcessingEnv'
Event: 326.320 Thread 0x0000022420ee9400 Unloading class 0x00000001016f5770 'androidx/room/compiler/processing/XProcessingEnv'
Event: 326.320 Thread 0x0000022420ee9400 Unloading class 0x00000001016f54f8 'androidx/room/compiler/processing/ksp/KspBasicAnnotationProcessor$DelegateLogger'
Event: 326.320 Thread 0x0000022420ee9400 Unloading class 0x00000001016f5050 'androidx/room/processor/Context$BooleanProcessorOptions'
Event: 326.320 Thread 0x0000022420ee9400 Unloading class 0x00000001016f4e10 'androidx/room/compiler/processing/XProcessingEnvConfig$Builder'
Event: 326.320 Thread 0x0000022420ee9400 Unloading class 0x00000001016f4bd8 'androidx/room/compiler/processing/XProcessingEnvConfig$Companion'
Event: 326.320 Thread 0x0000022420ee9400 Unloading class 0x00000001016f49a0 'androidx/room/compiler/processing/XProcessingEnvConfig'
Event: 326.320 Thread 0x0000022420ee9400 Unloading class 0x00000001016f4768 'androidx/room/DatabaseProcessingStep$Companion'
Event: 326.320 Thread 0x0000022420ee9400 Unloading class 0x00000001016f44f0 'androidx/room/DatabaseProcessingStep'
Event: 326.320 Thread 0x0000022420ee9400 Unloading class 0x00000001016f42c0 'androidx/room/compiler/processing/XProcessingStep'
Event: 326.320 Thread 0x0000022420ee9400 Unloading class 0x00000001016f4000 'androidx/room/RoomKspProcessor'
Event: 326.320 Thread 0x0000022420ee9400 Unloading class 0x000000010129cc80 'androidx/room/compiler/processing/ksp/KspBasicAnnotationProcessor'
Event: 326.320 Thread 0x0000022420ee9400 Unloading class 0x000000010129ca50 'androidx/room/compiler/processing/XBasicAnnotationProcessor'
Event: 326.320 Thread 0x0000022420ee9400 Unloading class 0x000000010129c800 'androidx/room/RoomKspProcessor$Provider'
Event: 326.320 Thread 0x0000022420ee9400 Unloading class 0x0000000100d84000 'java/lang/invoke/LambdaForm$MH+0x0000000100d84000'
Event: 371.583 Thread 0x0000022420ee9400 Unloading class 0x000000010194c400 'java/lang/invoke/LambdaForm$MH+0x000000010194c400'

Classes redefined (0 events):
No events

Internal exceptions (20 events):
Event: 372.195 Thread 0x000002242e209030 Exception <a 'sun/nio/fs/WindowsException'{0x0000000099ff23b8}> (0x0000000099ff23b8) 
thrown [s\src\hotspot\share\prims\jni.cpp, line 537]
Event: 372.197 Thread 0x000002242e209030 Exception <a 'sun/nio/fs/WindowsException'{0x0000000099ffd160}> (0x0000000099ffd160) 
thrown [s\src\hotspot\share\prims\jni.cpp, line 537]
Event: 372.197 Thread 0x000002242e203ae0 Exception <a 'sun/nio/fs/WindowsException'{0x00000000993f20b0}> (0x00000000993f20b0) 
thrown [s\src\hotspot\share\prims\jni.cpp, line 537]
Event: 372.199 Thread 0x000002242e209030 Exception <a 'sun/nio/fs/WindowsException'{0x0000000098747200}> (0x0000000098747200) 
thrown [s\src\hotspot\share\prims\jni.cpp, line 537]
Event: 372.199 Thread 0x000002242e203ae0 Exception <a 'sun/nio/fs/WindowsException'{0x00000000993f9450}> (0x00000000993f9450) 
thrown [s\src\hotspot\share\prims\jni.cpp, line 537]
Event: 372.200 Thread 0x000002242e209030 Exception <a 'sun/nio/fs/WindowsException'{0x000000009874eda8}> (0x000000009874eda8) 
thrown [s\src\hotspot\share\prims\jni.cpp, line 537]
Event: 372.203 Thread 0x000002242e209030 Exception <a 'sun/nio/fs/WindowsException'{0x0000000098757208}> (0x0000000098757208) 
thrown [s\src\hotspot\share\prims\jni.cpp, line 537]
Event: 372.203 Thread 0x000002242e203ae0 Exception <a 'sun/nio/fs/WindowsException'{0x00000000984c1f10}> (0x00000000984c1f10) 
thrown [s\src\hotspot\share\prims\jni.cpp, line 537]
Event: 372.205 Thread 0x000002242e209030 Exception <a 'sun/nio/fs/WindowsException'{0x0000000098761150}> (0x0000000098761150) 
thrown [s\src\hotspot\share\prims\jni.cpp, line 537]
Event: 372.205 Thread 0x000002242e203ae0 Exception <a 'sun/nio/fs/WindowsException'{0x00000000984c8e60}> (0x00000000984c8e60) 
thrown [s\src\hotspot\share\prims\jni.cpp, line 537]
Event: 372.208 Thread 0x000002242e209030 Exception <a 'sun/nio/fs/WindowsException'{0x000000009876cd00}> (0x000000009876cd00) 
thrown [s\src\hotspot\share\prims\jni.cpp, line 537]
Event: 372.208 Thread 0x000002242e203ae0 Exception <a 'sun/nio/fs/WindowsException'{0x00000000984d0260}> (0x00000000984d0260) 
thrown [s\src\hotspot\share\prims\jni.cpp, line 537]
Event: 372.210 Thread 0x000002242e209030 Exception <a 'sun/nio/fs/WindowsException'{0x0000000098776ff0}> (0x0000000098776ff0) 
thrown [s\src\hotspot\share\prims\jni.cpp, line 537]
Event: 372.211 Thread 0x000002242e203ae0 Exception <a 'sun/nio/fs/WindowsException'{0x00000000984d7618}> (0x00000000984d7618) 
thrown [s\src\hotspot\share\prims\jni.cpp, line 537]
Event: 372.212 Thread 0x000002242e209030 Exception <a 'sun/nio/fs/WindowsException'{0x0000000097bc3b40}> (0x0000000097bc3b40) 
thrown [s\src\hotspot\share\prims\jni.cpp, line 537]
Event: 372.213 Thread 0x000002242e209030 Exception <a 'sun/nio/fs/WindowsException'{0x0000000097bca0f8}> (0x0000000097bca0f8) 
thrown [s\src\hotspot\share\prims\jni.cpp, line 537]
Event: 372.214 Thread 0x000002242e203ae0 Exception <a 'sun/nio/fs/WindowsException'{0x00000000984e0168}> (0x00000000984e0168) 
thrown [s\src\hotspot\share\prims\jni.cpp, line 537]
Event: 372.216 Thread 0x000002242e209030 Exception <a 'sun/nio/fs/WindowsException'{0x0000000097bd0940}> (0x0000000097bd0940) 
thrown [s\src\hotspot\share\prims\jni.cpp, line 537]
Event: 372.217 Thread 0x000002242e203ae0 Exception <a 'sun/nio/fs/WindowsException'{0x00000000984f52a0}> (0x00000000984f52a0) 
thrown [s\src\hotspot\share\prims\jni.cpp, line 537]
Event: 372.218 Thread 0x000002242e209030 Exception <a 'sun/nio/fs/WindowsException'{0x0000000097bdde00}> (0x0000000097bdde00) 
thrown [s\src\hotspot\share\prims\jni.cpp, line 537]

ZGC Phase Switch (0 events):
No events

VM Operations (20 events):
Event: 370.713 Executing safepoint VM operation: G1PauseRemark
Event: 370.723 Executing safepoint VM operation: G1PauseRemark done
Event: 370.793 Executing safepoint VM operation: G1CollectForAllocation (G1 Evacuation Pause)
Event: 370.809 Executing safepoint VM operation: G1CollectForAllocation (G1 Evacuation Pause) done
Event: 370.832 Executing safepoint VM operation: G1PauseCleanup
Event: 370.833 Executing safepoint VM operation: G1PauseCleanup done
Event: 371.008 Executing safepoint VM operation: G1CollectForAllocation (G1 Evacuation Pause)
Event: 371.018 Executing safepoint VM operation: G1CollectForAllocation (G1 Evacuation Pause) done
Event: 371.212 Executing safepoint VM operation: G1CollectForAllocation (G1 Evacuation Pause)
Event: 371.230 Executing safepoint VM operation: G1CollectForAllocation (G1 Evacuation Pause) done
Event: 371.439 Executing safepoint VM operation: G1CollectForAllocation (G1 Evacuation Pause)
Event: 371.446 Executing safepoint VM operation: G1CollectForAllocation (G1 Evacuation Pause) done
Event: 371.583 Executing safepoint VM operation: G1PauseRemark
Event: 371.601 Executing safepoint VM operation: G1PauseRemark done
Event: 371.685 Executing safepoint VM operation: G1PauseCleanup
Event: 371.686 Executing safepoint VM operation: G1PauseCleanup done
Event: 371.751 Executing safepoint VM operation: G1CollectForAllocation (G1 Evacuation Pause)
Event: 371.761 Executing safepoint VM operation: G1CollectForAllocation (G1 Evacuation Pause) done
Event: 371.994 Executing safepoint VM operation: G1CollectForAllocation (G1 Evacuation Pause)
Event: 372.012 Executing safepoint VM operation: G1CollectForAllocation (G1 Evacuation Pause) done

Memory protections (0 events):
No events

Nmethod flushes (20 events):
Event: 371.599 Thread 0x0000022420ee9400 flushing  nmethod 0x000002240e346a10
Event: 371.599 Thread 0x0000022420ee9400 flushing  nmethod 0x000002240e348410
Event: 371.599 Thread 0x0000022420ee9400 flushing  nmethod 0x000002240e349b90
Event: 371.599 Thread 0x0000022420ee9400 flushing  nmethod 0x000002240e363510
Event: 371.599 Thread 0x0000022420ee9400 flushing  nmethod 0x000002240e364910
Event: 371.599 Thread 0x0000022420ee9400 flushing  nmethod 0x000002240e3a3110
Event: 371.599 Thread 0x0000022420ee9400 flushing  nmethod 0x000002240e3a3610
Event: 371.599 Thread 0x0000022420ee9400 flushing  nmethod 0x000002240e3a4c10
Event: 371.599 Thread 0x0000022420ee9400 flushing  nmethod 0x000002240e3a5890
Event: 371.599 Thread 0x0000022420ee9400 flushing  nmethod 0x000002240e3a6b90
Event: 371.599 Thread 0x0000022420ee9400 flushing  nmethod 0x000002240e3a8f90
Event: 371.599 Thread 0x0000022420ee9400 flushing  nmethod 0x000002240e3ec790
Event: 371.599 Thread 0x0000022420ee9400 flushing  nmethod 0x000002240e3ecd90
Event: 371.599 Thread 0x0000022420ee9400 flushing  nmethod 0x000002240e3ed610
Event: 371.599 Thread 0x0000022420ee9400 flushing  nmethod 0x000002240e461810
Event: 371.599 Thread 0x0000022420ee9400 flushing  nmethod 0x000002240e4d5c10
Event: 371.599 Thread 0x0000022420ee9400 flushing  nmethod 0x000002240e621810
Event: 371.599 Thread 0x0000022420ee9400 flushing  nmethod 0x000002240e621c10
Event: 371.599 Thread 0x0000022420ee9400 flushing  nmethod 0x000002240e639110
Event: 371.599 Thread 0x0000022420ee9400 flushing  nmethod 0x000002240ef31890

Events (20 events):
Event: 367.114 Thread 0x000002242e1fcb50 Thread added: 0x000002242e1fd870
Event: 367.519 Thread 0x000002242e1fec20 Thread added: 0x000002242e203ae0
Event: 367.642 Thread 0x000002242e1fec20 Thread added: 0x000002242e203450
Event: 367.660 Thread 0x000002242e203ae0 Thread added: 0x000002242e201a10
Event: 367.666 Thread 0x000002242e203ae0 Thread added: 0x000002242e204170
Event: 367.666 Thread 0x000002242e203ae0 Thread added: 0x000002242e2020a0
Event: 369.991 Thread 0x000002242d6cadb0 Thread exited: 0x000002242d6cadb0
Event: 370.004 Thread 0x000002242104e820 Thread added: 0x0000022428432340
Event: 370.027 Thread 0x000002242e1fec20 Thread added: 0x000002242e205bb0
Event: 370.028 Thread 0x000002242e1fec20 Thread added: 0x000002242e202730
Event: 370.029 Thread 0x000002242e1fec20 Thread added: 0x000002242e209030
Event: 370.030 Thread 0x000002242e1fec20 Thread added: 0x000002242e207c80
Event: 370.031 Thread 0x000002242e1fec20 Thread added: 0x000002242e208310
Event: 370.032 Thread 0x000002242e1fec20 Thread added: 0x000002242e206240
Event: 370.033 Thread 0x000002242e1fec20 Thread added: 0x000002242e206f60
Event: 370.034 Thread 0x000002242e1fec20 Thread added: 0x000002242e2075f0
Event: 370.046 Thread 0x000002242e1fec20 Thread added: 0x000002242e2089a0
Event: 370.047 Thread 0x000002242e1fec20 Thread added: 0x000002242e2068d0
Event: 370.305 Thread 0x000002242e1fec20 Thread added: 0x000002242a8a8ac0
Event: 370.778 Thread 0x000002242a0b72d0 Thread exited: 0x000002242a0b72d0


Dynamic libraries:
0x00007ff761500000 - 0x00007ff76150a000 	C:\Program Files\Android\Android Studio\jbr\bin\java.exe
0x00007ffe2f660000 - 0x00007ffe2f8c6000 	C:\WINDOWS\SYSTEM32\ntdll.dll
0x00007ffe2df50000 - 0x00007ffe2e019000 	C:\WINDOWS\System32\KERNEL32.DLL
0x00007ffe2cc10000 - 0x00007ffe2d00f000 	C:\WINDOWS\System32\KERNELBASE.dll
0x00007ffe2d020000 - 0x00007ffe2d16c000 	C:\WINDOWS\System32\ucrtbase.dll
0x00007ffe1d170000 - 0x00007ffe1d188000 	C:\Program Files\Android\Android Studio\jbr\bin\jli.dll
0x00007ffe0d1c0000 - 0x00007ffe0d1db000 	C:\Program Files\Android\Android Studio\jbr\bin\VCRUNTIME140.dll
0x00007ffe2e680000 - 0x00007ffe2e846000 	C:\WINDOWS\System32\USER32.dll
0x00007ffe2d2b0000 - 0x00007ffe2d2d7000 	C:\WINDOWS\System32\win32u.dll
0x00007ffe2d780000 - 0x00007ffe2d7ab000 	C:\WINDOWS\System32\GDI32.dll
0x00007ffe2d180000 - 0x00007ffe2d2a9000 	C:\WINDOWS\System32\gdi32full.dll
0x00007ffe2b9b0000 - 0x00007ffe2bc41000 	C:\WINDOWS\WinSxS\amd64_microsoft.windows.common-controls_6595b64144ccf1df_6.0.26100.8972_none_3e0da176e32f9d4b\COMCTL32.dll
0x00007ffe2d2e0000 - 0x00007ffe2d383000 	C:\WINDOWS\System32\msvcp_win.dll
0x00007ffe2dea0000 - 0x00007ffe2df49000 	C:\WINDOWS\System32\msvcrt.dll
0x00007ffe2d560000 - 0x00007ffe2d592000 	C:\WINDOWS\System32\IMM32.DLL
0x00007ffe0f300000 - 0x00007ffe0f3f2000 	C:\Program Files\Windhawk\Engine\1.7.3\64\windhawk.dll
0x00007ffe2e3a0000 - 0x00007ffe2e45c000 	C:\WINDOWS\System32\ADVAPI32.dll
0x00007ffe2d5c0000 - 0x00007ffe2d66a000 	C:\WINDOWS\System32\sechost.dll
0x00007ffe2e910000 - 0x00007ffe2ea28000 	C:\WINDOWS\System32\RPCRT4.dll
0x00007ffe07310000 - 0x00007ffe0731c000 	C:\Program Files\Android\Android Studio\jbr\bin\vcruntime140_1.dll
0x00007ffdfcba0000 - 0x00007ffdfcc2d000 	C:\Program Files\Android\Android Studio\jbr\bin\msvcp140.dll
0x00007ffdfb640000 - 0x00007ffdfc2d6000 	C:\Program Files\Android\Android Studio\jbr\bin\server\jvm.dll
0x00007ffe2e880000 - 0x00007ffe2e902000 	C:\WINDOWS\System32\WS2_32.dll
0x00007ffe2c510000 - 0x00007ffe2c56e000 	C:\WINDOWS\SYSTEM32\POWRPROF.dll
0x00007ffe2a290000 - 0x00007ffe2a29b000 	C:\WINDOWS\SYSTEM32\VERSION.dll
0x00007ffe1d2c0000 - 0x00007ffe1d2f6000 	C:\WINDOWS\SYSTEM32\WINMM.dll
0x00007ffe2c4f0000 - 0x00007ffe2c505000 	C:\WINDOWS\SYSTEM32\UMPDC.dll
0x00007ffe2ae30000 - 0x00007ffe2ae4b000 	C:\WINDOWS\SYSTEM32\kernel.appcore.dll
0x00007ffe07300000 - 0x00007ffe0730a000 	C:\Program Files\Android\Android Studio\jbr\bin\jimage.dll
0x00007ffe2c070000 - 0x00007ffe2c2b2000 	C:\WINDOWS\SYSTEM32\DBGHELP.DLL
0x00007ffe2ea30000 - 0x00007ffe2edb5000 	C:\WINDOWS\System32\combase.dll
0x00007ffe2e120000 - 0x00007ffe2e1f9000 	C:\WINDOWS\System32\OLEAUT32.dll
0x00007ffe2bf60000 - 0x00007ffe2bf9b000 	C:\WINDOWS\SYSTEM32\dbgcore.DLL
0x00007ffe2c900000 - 0x00007ffe2c9ac000 	C:\WINDOWS\System32\bcryptPrimitives.dll
0x00007ffe1e860000 - 0x00007ffe1e86e000 	C:\Program Files\Android\Android Studio\jbr\bin\instrument.dll
0x00007ffe072e0000 - 0x00007ffe07300000 	C:\Program Files\Android\Android Studio\jbr\bin\java.dll
0x00007ffe072c0000 - 0x00007ffe072d8000 	C:\Program Files\Android\Android Studio\jbr\bin\zip.dll
0x00007ffe2ee20000 - 0x00007ffe2f5a8000 	C:\WINDOWS\System32\SHELL32.dll
0x00007ffe29370000 - 0x00007ffe29c0b000 	C:\WINDOWS\SYSTEM32\windows.storage.dll
0x00007ffe2d910000 - 0x00007ffe2da09000 	C:\WINDOWS\System32\SHCORE.dll
0x00007ffe2f5b0000 - 0x00007ffe2f616000 	C:\WINDOWS\System32\shlwapi.dll
0x00007ffe2c790000 - 0x00007ffe2c7b9000 	C:\WINDOWS\SYSTEM32\profapi.dll
0x00007ffe072b0000 - 0x00007ffe072c0000 	C:\Program Files\Android\Android Studio\jbr\bin\net.dll
0x00007ffe24cc0000 - 0x00007ffe24de8000 	C:\WINDOWS\SYSTEM32\WINHTTP.dll
0x00007ffe2aae0000 - 0x00007ffe2ab4c000 	C:\WINDOWS\system32\mswsock.dll
0x00007ffe07290000 - 0x00007ffe072a6000 	C:\Program Files\Android\Android Studio\jbr\bin\nio.dll
0x00007ffdfd120000 - 0x00007ffdfd130000 	C:\Program Files\Android\Android Studio\jbr\bin\verify.dll
0x00007ffe02860000 - 0x00007ffe02887000 	C:\Users\gabov\.gradle\native\660c5614fbf4a5f2a75b1949f50a0caf5cd603558e7d8a26e50b933a0cfb79d1\windows-amd64\native-platform.dll
0x00007ffe1cf70000 - 0x00007ffe1cfe7000 	C:\Users\gabov\.gradle\native\0.2.8\x86_64-windows-gnu\gradle-fileevents.dll
0x00007ffe06f70000 - 0x00007ffe06f79000 	C:\Program Files\Android\Android Studio\jbr\bin\management.dll
0x00007ffe020e0000 - 0x00007ffe020eb000 	C:\Program Files\Android\Android Studio\jbr\bin\management_ext.dll
0x00007ffe2d3e0000 - 0x00007ffe2d3e8000 	C:\WINDOWS\System32\PSAPI.DLL
0x00007ffe29f40000 - 0x00007ffe29f73000 	C:\WINDOWS\SYSTEM32\IPHLPAPI.DLL
0x00007ffe2d7b0000 - 0x00007ffe2d7ba000 	C:\WINDOWS\System32\NSI.dll
0x00007ffe06f80000 - 0x00007ffe06f89000 	C:\Program Files\Android\Android Studio\jbr\bin\extnet.dll
0x00007ffe2c3e0000 - 0x00007ffe2c3fb000 	C:\WINDOWS\SYSTEM32\CRYPTSP.dll
0x00007ffe2a4f0000 - 0x00007ffe2a529000 	C:\WINDOWS\system32\rsaenh.dll
0x00007ffe2ab90000 - 0x00007ffe2abc2000 	C:\WINDOWS\SYSTEM32\USERENV.dll
0x00007ffe2c760000 - 0x00007ffe2c78a000 	C:\WINDOWS\SYSTEM32\bcrypt.dll
0x00007ffe2add0000 - 0x00007ffe2addc000 	C:\WINDOWS\SYSTEM32\CRYPTBASE.dll
0x00007ffe09710000 - 0x00007ffe09718000 	C:\WINDOWS\system32\wshunix.dll
0x00007ffdfb4a0000 - 0x00007ffdfb639000 	C:\Program Files\Android\Android Studio\jbr\bin\awt.dll
0x00007ffe28b00000 - 0x00007ffe28b2f000 	C:\WINDOWS\SYSTEM32\dwmapi.dll
0x00007ffe0a8b0000 - 0x00007ffe0a925000 	C:\WINDOWS\SYSTEM32\OLEACC.dll
0x00007ffe06f90000 - 0x00007ffe06fd4000 	C:\Program Files\Android\Android Studio\jbr\bin\nvdaControllerClient64.dll
0x00007ffe2af70000 - 0x00007ffe2b00f000 	C:\WINDOWS\SYSTEM32\apphelp.dll
0x00007ffe2b680000 - 0x00007ffe2b728000 	C:\WINDOWS\system32\uxtheme.dll
0x00007ffe2d3f0000 - 0x00007ffe2d54d000 	C:\WINDOWS\System32\MSCTF.dll
0x00007ffe2e200000 - 0x00007ffe2e399000 	C:\WINDOWS\System32\ole32.dll
0x00007ffe2c030000 - 0x00007ffe2c066000 	C:\WINDOWS\SYSTEM32\ntmarta.dll
0x00007ffddf4c0000 - 0x00007ffddf4d8000 	C:\WINDOWS\system32\napinsp.dll
0x00007ffe2a030000 - 0x00007ffe2a188000 	C:\WINDOWS\SYSTEM32\DNSAPI.dll
0x00007ffe2a8c0000 - 0x00007ffe2a8cd000 	C:\WINDOWS\SYSTEM32\DSPARSE.dll
0x00007ffddf820000 - 0x00007ffddf833000 	C:\WINDOWS\System32\winrnr.dll
0x00007ffde8540000 - 0x00007ffde8562000 	C:\WINDOWS\system32\nlansp_c.dll
0x00007ffdfa750000 - 0x00007ffdfa766000 	C:\WINDOWS\system32\wshbth.dll
0x00007ffe1ca60000 - 0x00007ffe1ca6b000 	C:\Windows\System32\rasadhlp.dll
0x00007ffe24970000 - 0x00007ffe249f6000 	C:\WINDOWS\System32\fwpuclnt.dll
0x00007ffe1d1d0000 - 0x00007ffe1d1d7000 	C:\Program Files\Android\Android Studio\jbr\bin\rmi.dll

JVMTI agents:
C:\Users\gabov\.gradle\wrapper\dists\gradle-9.4.1-bin\arn2x92ynaizyzdaamcbpbhtj\gradle-9.4.1\lib\agents\gradle-instrumentation-agent-9.4.1.jar path:C:\Program Files\Android\Android Studio\jbr\bin\instrument.dll, loaded, initialized, instrumentlib options:none

dbghelp: loaded successfully - version: 4.0.5 - missing functions: none
symbol engine: initialized successfully - sym options: 0x614 - pdb path: .;C:\Program Files\Android\Android Studio\jbr\bin;C:\WINDOWS\SYSTEM32;C:\WINDOWS\WinSxS\amd64_microsoft.windows.common-controls_6595b64144ccf1df_6.0.26100.8972_none_3e0da176e32f9d4b;C:\Program Files\Windhawk\Engine\1.7.3\64;C:\Program Files\Android\Android Studio\jbr\bin\server;C:\Users\gabov\.gradle\native\660c5614fbf4a5f2a75b1949f50a0caf5cd603558e7d8a26e50b933a0cfb79d1\windows-amd64;C:\Users\gabov\.gradle\native\0.2.8\x86_64-windows-gnu;C:\Users\gabov\AppData\Local\Temp

VM Arguments:
jvm_args: --add-opens=java.base/java.lang=ALL-UNNAMED --add-opens=java.base/java.lang.invoke=ALL-UNNAMED --add-opens=java.base/java.util=ALL-UNNAMED --add-opens=java.prefs/java.util.prefs=ALL-UNNAMED --add-exports=jdk.compiler/com.sun.tools.javac.api=ALL-UNNAMED --add-exports=jdk.compiler/com.sun.tools.javac.util=ALL-UNNAMED --add-opens=java.base/java.util=ALL-UNNAMED --add-opens=java.prefs/java.util.prefs=ALL-UNNAMED --add-opens=java.base/java.nio.charset=ALL-UNNAMED --add-opens=java.base/java.net=ALL-UNNAMED --add-opens=java.base/java.util.concurrent=ALL-UNNAMED --add-opens=java.base/java.util.concurrent.atomic=ALL-UNNAMED --add-opens=java.xml/javax.xml.namespace=ALL-UNNAMED --add-opens=java.base/java.time=ALL-UNNAMED -Xmx2048m -Dfile.encoding=UTF-8 -Duser.country=US -Duser.language=en -Duser.variant -javaagent:C:\Users\gabov\.gradle\wrapper\dists\gradle-9.4.1-bin\arn2x92ynaizyzdaamcbpbhtj\gradle-9.4.1\lib\agents\gradle-instrumentation-agent-9.4.1.jar 
java_command: org.gradle.launcher.daemon.bootstrap.GradleDaemon 9.4.1
java_class_path (initial): C:\Users\gabov\.gradle\wrapper\dists\gradle-9.4.1-bin\arn2x92ynaizyzdaamcbpbhtj\gradle-9.4.1\lib\gradle-daemon-main-9.4.1.jar
Launcher Type: SUN_STANDARD

[Global flags]
     intx CICompilerCount                          = 4                                         {product} {ergonomic}
     uint ConcGCThreads                            = 3                                         {product} {ergonomic}
     uint G1ConcRefinementThreads                  = 10                                        {product} {ergonomic}
   size_t G1HeapRegionSize                         = 1048576                                   {product} {ergonomic}
    uintx GCDrainStackTargetSize                   = 64                                        {product} {ergonomic}
   size_t InitialHeapSize                          = 268435456                                 {product} {ergonomic}
   size_t MarkStackSize                            = 4194304                                   {product} {ergonomic}
   size_t MaxHeapSize                              = 2147483648                                {product} {command line}
   size_t MaxNewSize                               = 1287651328                                {product} {ergonomic}
   size_t MinHeapDeltaBytes                        = 1048576                                   {product} {ergonomic}
   size_t MinHeapSize                              = 8388608                                   {product} {ergonomic}
    uintx NonNMethodCodeHeapSize                   = 5839372                                {pd product} {ergonomic}
    uintx NonProfiledCodeHeapSize                  = 122909434                              {pd product} {ergonomic}
    uintx ProfiledCodeHeapSize                     = 122909434                              {pd product} {ergonomic}
    uintx ReservedCodeCacheSize                    = 251658240                              {pd product} {ergonomic}
     bool SegmentedCodeCache                       = true                                      {product} {ergonomic}
   size_t SoftMaxHeapSize                          = 2147483648                             {manageable} {ergonomic}
     bool UseCompressedOops                        = true                           {product lp64_product} {ergonomic}
     bool UseG1GC                                  = true                                      {product} {ergonomic}
     bool UseLargePagesIndividualAllocation        = false                                  {pd product} {ergonomic}

Logging:
Log output configuration:
 #0: stdout all=warning uptime,level,tags foldmultilines=false
 #1: stderr all=off uptime,level,tags foldmultilines=false

Release file:
JAVA_VERSION="21.0.10" 
MODULES="java.base java.compiler java.datatransfer java.xml java.prefs java.desktop java.instrument java.logging java.management java.security.sasl java.naming java.rmi java.management.rmi java.net.http java.scripting java.security.jgss java.transaction.xa java.sql java.sql.rowset java.xml.crypto java.se java.smartcardio jdk.accessibility jdk.internal.jvmstat jdk.attach jdk.charsets jdk.internal.opt jdk.zipfs jdk.compiler jdk.crypto.ec jdk.crypto.cryptoki jdk.dynalink jdk.hotspot.agent jdk.httpserver jdk.internal.ed jdk.internal.le jdk.internal.vm.ci jdk.jartool jdk.javadoc jdk.jcmd jdk.jdeps jdk.jdwp.agent jdk.jdi jdk.jfr jdk.jlink jdk.jsobject jdk.localedata jdk.management jdk.management.agent jdk.management.jfr jdk.naming.dns jdk.naming.rmi jdk.net jdk.sctp jdk.security.auth jdk.security.jgss jdk.unsupported jdk.unsupported.desktop jdk.xml.dom" 
IMPLEMENTOR="JetBrains s.r.o." 
JAVA_RUNTIME_VERSION="21.0.10+-14961533-b1163.108" 
LIBC="default" 
OS_ARCH="x86_64" 
OS_NAME="Windows" 
SOURCE=".:git:1351622c2ff2" 

Environment Variables:
PATH=C:\WINDOWS\system32;C:\WINDOWS;C:\WINDOWS\System32\Wbem;C:\WINDOWS\System32\WindowsPowerShell\v1.0\;C:\Program Files\NVIDIA Corporation\NVIDIA App\NvDLISR;C:\Program Files\Git\cmd;C:\Program Files\nodejs\;C:\Users\gabov\AppData\Local\Microsoft\WindowsApps;C:\Users\gabov\AppData\Roaming\npm;C:\Users\gabov\AppData\Local\Programs\Microsoft VS Code\bin
USERNAME=gabov
OS=Windows_NT
PROCESSOR_IDENTIFIER=AMD64 Family 23 Model 8 Stepping 2, AuthenticAMD
TMP=C:\Users\gabov\AppData\Local\Temp
TEMP=C:\Users\gabov\AppData\Local\Temp




Periodic native trim disabled

JNI global refs:
JNI global refs: 42, weak refs: 146

JNI global refs memory usage: 835, weak refs: 2729

Process memory usage:
Resident Set Size: 1228888K (7% of 16705080K total physical memory with 7526316K free physical memory)

OOME stack traces (most recent first):
Classloader memory used:
Loader org.gradle.internal.classloader.VisitableURLClassLoader$InstrumentingVisitableURLClassLoader: 47428K
Loader java.net.URLClassLoader                                                         : 47190K
Loader org.gradle.internal.classloader.VisitableURLClassLoader                         : 41785K
Loader bootstrap                                                                       : 32835K
Loader org.gradle.initialization.MixInLegacyTypesClassLoader                           : 10047K
Loader jdk.internal.reflect.DelegatingClassLoader                                      : 1516K
Loader jdk.internal.jrtfs.JrtFileSystemProvider$JrtFsLoader                            : 290K
Loader jdk.internal.loader.ClassLoaders$PlatformClassLoader                            : 288K
Loader jdk.internal.loader.ClassLoaders$AppClassLoader                                 : 197K
Loader sun.reflect.misc.MethodUtil                                                     : 3024B

Classes loaded by more than one classloader:
Class kotlin.io.TextStreamsKt                                                         : loaded 2 times (x 71B)
Class kotlin.sequences.FlatteningSequence                                             : loaded 2 times (x 75B)
Class kotlin.sequences.DropTakeSequence                                               : loaded 2 times (x 70B)
Class kotlin.coroutines.jvm.internal.CompletedContinuation                            : loaded 2 times (x 75B)
Class kotlin.text.StringsKt__StringsKt                                                : loaded 2 times (x 71B)
Class kotlin.NotImplementedError                                                      : loaded 2 times (x 82B)
Class com.google.common.io.LineReader                                                 : loaded 2 times (x 72B)
Class com.google.common.collect.RegularImmutableMap$KeySet                            : loaded 2 times (x 152B)
Class com.google.common.base.PairwiseEquivalence                                      : loaded 2 times (x 83B)
Class com.google.common.base.Equivalence$Identity                                     : loaded 2 times (x 82B)
Class org.gradle.internal.classloader.FilteringClassLoader                            : loaded 2 times (x 105B)
Class jdk.internal.jimage.BasicImageReader                                            : loaded 2 times (x 95B)
Class kotlin.io.FilesKt__FileTreeWalkKt                                               : loaded 2 times (x 71B)
Class kotlin.jvm.internal.CollectionToArray                                           : loaded 2 times (x 71B)
Class kotlin.sequences.FilteringSequence$iterator$1                                   : loaded 2 times (x 79B)
Class kotlin.sequences.SequencesKt__SequenceBuilderKt                                 : loaded 2 times (x 71B)
Class kotlin.collections.CollectionsKt__ReversedViewsKt                               : loaded 2 times (x 71B)
Class com.google.common.cache.LocalCache$ValueIterator                                : loaded 2 times (x 86B)
Class [Lcom.google.common.collect.MapMakerInternalMap$Segment;                        : loaded 2 times (x 69B)
Class [Lcom.google.common.base.AbstractIterator$State;                                : loaded 2 times (x 69B)
Class com.google.common.io.FileWriteMode                                              : loaded 2 times (x 79B)
Class com.google.common.base.CharMatcher$IsEither                                     : loaded 2 times (x 111B)
Class org.gradle.internal.classloader.ClassLoaderHierarchy                            : loaded 2 times (x 70B)
Class kotlin.jvm.internal.MutablePropertyReference1                                   : loaded 2 times (x 137B)
Class kotlin.jvm.internal.PropertyReference1Impl                                      : loaded 2 times (x 127B)
Class kotlin.SafePublicationLazyImpl$Companion                                        : loaded 2 times (x 71B)
Class [Lcom.google.common.cache.RemovalCause;                                         : loaded 2 times (x 69B)
Class com.google.common.collect.ImmutableEnumSet                                      : loaded 2 times (x 146B)
Class com.google.common.collect.ImmutableList$1                                       : loaded 2 times (x 97B)
Class com.google.common.util.concurrent.ExecutionError                                : loaded 2 times (x 82B)
Class com.google.common.collect.AbstractMapBasedMultimap$WrappedCollection            : loaded 2 times (x 124B)
Class kotlin.collections.builders.MapBuilder                                          : loaded 2 times (x 112B)
Class kotlin.ranges.IntProgression$Companion                                          : loaded 2 times (x 71B)
Class com.google.common.io.ByteArrayDataOutput                                        : loaded 2 times (x 70B)
Class com.google.common.collect.RegularImmutableMap                                   : loaded 2 times (x 121B)
Class com.google.common.collect.ImmutableMap$MapViewOfValuesAsSingletonSets           : loaded 2 times (x 126B)
Class kotlin.sequences.TransformingSequence                                           : loaded 2 times (x 75B)
Class com.google.common.reflect.TypeCapture                                           : loaded 2 times (x 71B)
Class [Lorg.objectweb.asm.Symbol;                                                     : loaded 2 times (x 69B)
Class org.objectweb.asm.ClassVisitor                                                  : loaded 2 times (x 88B)
Class com.google.common.cache.LocalCache$Values                                       : loaded 2 times (x 118B)
Class com.google.common.collect.UnmodifiableListIterator                              : loaded 2 times (x 95B)
Class kotlin.io.LinesSequence                                                         : loaded 2 times (x 75B)
Class [Lkotlin.reflect.KClass;                                                        : loaded 2 times (x 69B)
Class org.objectweb.asm.MethodTooLargeException                                       : loaded 2 times (x 83B)
Class com.google.common.collect.MapMakerInternalMap$StrongKeyDummyValueEntry$LinkedStrongKeyDummyValueEntry: loaded 2 times (x 82B)
Class com.google.common.collect.MapMakerInternalMap$Strength                          : loaded 2 times (x 80B)
Class com.google.common.base.Platform$JdkPatternCompiler                              : loaded 2 times (x 75B)
Class [Lcom.google.common.cache.CacheBuilder$OneWeigher;                              : loaded 2 times (x 69B)
Class com.google.common.base.Suppliers                                                : loaded 2 times (x 71B)
Class org.gradle.internal.classloader.DefaultClassLoaderFactory                       : loaded 2 times (x 82B)
Class kotlin.sequences.SequencesKt___SequencesKt$flatMap$1                            : loaded 2 times (x 125B)
Class kotlin.KotlinVersion$Companion                                                  : loaded 2 times (x 71B)
Class kotlin.sequences.SequencesKt___SequencesKt                                      : loaded 2 times (x 71B)
Class kotlin.collections.AbstractList$Companion                                       : loaded 2 times (x 71B)
Class [Lcom.google.common.collect.AbstractIterator$State;                             : loaded 2 times (x 69B)
Class com.google.common.base.CharMatcher$None                                         : loaded 2 times (x 112B)
Class kotlin.sequences.SequencesKt___SequencesKt$flatMap$2                            : loaded 2 times (x 125B)
Class kotlin.io.FileTreeWalk$FileTreeWalkIterator                                     : loaded 2 times (x 83B)
Class [Lcom.google.common.collect.ImmutableMapEntry;                                  : loaded 2 times (x 69B)
Class kotlin.coroutines.ContinuationInterceptor                                       : loaded 2 times (x 70B)
Class kotlin.text.StringsKt__AppendableKt                                             : loaded 2 times (x 71B)
Class com.google.common.collect.CollectSpliterators$1WithCharacteristics              : loaded 2 times (x 90B)
Class com.google.common.collect.ImmutableEnumMap                                      : loaded 2 times (x 126B)
Class com.google.common.collect.ListMultimap                                          : loaded 2 times (x 70B)
Class kotlin.jvm.internal.ArrayIteratorKt                                             : loaded 2 times (x 71B)
Class kotlin.reflect.KProperty$Accessor                                               : loaded 2 times (x 70B)
Class [Lkotlin.reflect.KCallable;                                                     : loaded 2 times (x 69B)
Class kotlin.jvm.internal.AdaptedFunctionReference                                    : loaded 2 times (x 77B)
Class org.objectweb.asm.AnnotationVisitor                                             : loaded 2 times (x 78B)
Class com.google.common.base.Splitter                                                 : loaded 2 times (x 72B)
Class com.google.common.collect.Sets$1                                                : loaded 2 times (x 139B)
Class com.google.common.collect.ImmutableSet$SerializedForm                           : loaded 2 times (x 73B)
Class org.gradle.api.internal.DefaultClassPathProvider                                : loaded 2 times (x 76B)
Class kotlin.sequences.SequenceScope                                                  : loaded 2 times (x 73B)
Class kotlin.text.StringsKt__StringNumberConversionsJVMKt                             : loaded 2 times (x 71B)
Class kotlin.sequences.Sequence                                                       : loaded 2 times (x 70B)
Class [Lcom.google.common.base.Function;                                              : loaded 2 times (x 69B)
Class com.google.common.collect.MapMakerInternalMap$Strength$1                        : loaded 2 times (x 80B)
Class com.google.common.collect.Maps$ViewCachingAbstractMap                           : loaded 2 times (x 125B)
Class com.google.common.collect.Sets$2                                                : loaded 2 times (x 139B)
Class [Lorg.gradle.api.internal.ClassPathProvider;                                    : loaded 2 times (x 69B)
Class org.gradle.api.internal.ClassPathProvider                                       : loaded 2 times (x 70B)
Class kotlin.jvm.functions.Function20                                                 : loaded 2 times (x 70B)
Class kotlin.collections.CollectionsKt___CollectionsKt$asSequence$$inlined$Sequence$1 : loaded 2 times (x 75B)
Class com.google.common.reflect.Types$ClassOwnership$1                                : loaded 2 times (x 80B)
Class [Lorg.objectweb.asm.AnnotationVisitor;                                          : loaded 2 times (x 69B)
Class com.google.common.collect.MapMakerInternalMap$Strength$2                        : loaded 2 times (x 80B)
Class com.google.common.base.AbstractIterator$State                                   : loaded 2 times (x 79B)
Class com.google.common.collect.Sets$3                                                : loaded 2 times (x 139B)
Class com.google.common.cache.LocalCache$LocalLoadingCache                            : loaded 2 times (x 134B)
Class org.gradle.internal.service.UnknownServiceException                             : loaded 2 times (x 83B)
Class kotlin.jvm.functions.Function21                                                 : loaded 2 times (x 70B)
Class com.google.common.reflect.Types$ClassOwnership$2                                : loaded 2 times (x 80B)
Class com.google.common.reflect.TypeResolver                                          : loaded 2 times (x 72B)
Class com.google.common.io.ByteArrayDataInput                                         : loaded 2 times (x 70B)
Class org.objectweb.asm.ModuleVisitor                                                 : loaded 2 times (x 81B)
Class com.google.common.collect.MapMakerInternalMap$StrongValueEntry                  : loaded 2 times (x 70B)
Class com.google.common.collect.Sets$4                                                : loaded 2 times (x 139B)
Class com.google.common.cache.LocalCache$Strength$1                                   : loaded 2 times (x 81B)
Class kotlin.annotation.AnnotationRetention                                           : loaded 2 times (x 79B)
Class kotlin.jvm.functions.Function22                                                 : loaded 2 times (x 70B)
Class kotlin.collections.MapWithDefault                                               : loaded 2 times (x 70B)
Class kotlin.coroutines.jvm.internal.SuspendLambda                                    : loaded 2 times (x 91B)
Class kotlin.coroutines.jvm.internal.ContinuationImpl                                 : loaded 2 times (x 87B)
Class com.google.common.reflect.Types$ClassOwnership$3                                : loaded 2 times (x 71B)
Class com.google.common.collect.Collections2$FilteredCollection                       : loaded 2 times (x 119B)
Class com.google.common.util.concurrent.SettableFuture                                : loaded 2 times (x 114B)
Class com.google.common.cache.LocalCache$Strength$2                                   : loaded 2 times (x 81B)
Class kotlin.reflect.KTypeParameter                                                   : loaded 2 times (x 70B)
Class kotlin.text.StringsKt__RegexExtensionsJVMKt                                     : loaded 2 times (x 71B)
Class kotlin.collections.ArraysKt___ArraysJvmKt                                       : loaded 2 times (x 71B)
Class kotlin.collections.CollectionsKt__CollectionsKt                                 : loaded 2 times (x 71B)
Class [Lcom.google.common.collect.Maps$EntryFunction;                                 : loaded 2 times (x 69B)
Class com.google.common.collect.TransformedIterator                                   : loaded 2 times (x 80B)
Class com.google.common.io.ByteStreams                                                : loaded 2 times (x 71B)
Class com.google.common.collect.Interners$InternerImpl                                : loaded 2 times (x 75B)
Class com.google.common.base.Splitter$1                                               : loaded 2 times (x 77B)
Class com.google.common.collect.Interner                                              : loaded 2 times (x 70B)
Class com.google.common.cache.LocalCache$Strength$3                                   : loaded 2 times (x 81B)
Class com.google.common.collect.MapDifference                                         : loaded 2 times (x 70B)
Class kotlin.text.Regex$Companion                                                     : loaded 2 times (x 71B)
Class kotlin._Assertions                                                              : loaded 2 times (x 71B)
Class com.google.common.reflect.Invokable                                             : loaded 2 times (x 103B)
Class org.objectweb.asm.FieldWriter                                                   : loaded 2 times (x 78B)
Class com.google.common.collect.MapMaker$Dummy                                        : loaded 2 times (x 79B)
Class com.google.common.cache.CacheBuilder$NullListener                               : loaded 2 times (x 82B)
Class org.gradle.internal.classpath.TransformedClassPath                              : loaded 2 times (x 96B)
Class org.gradle.internal.classloader.InstrumentingClassLoader                        : loaded 2 times (x 70B)
Class [Lkotlin.annotation.AnnotationTarget;                                           : loaded 2 times (x 69B)
Class kotlin.jvm.internal.FunctionReference                                           : loaded 2 times (x 122B)
Class [Lkotlin.coroutines.intrinsics.CoroutineSingletons;                             : loaded 2 times (x 69B)
Class kotlin.jvm.internal.FunctionBase                                                : loaded 2 times (x 70B)
Class kotlin.enums.EnumEntriesList                                                    : loaded 2 times (x 223B)
Class com.google.common.reflect.Types$ParameterizedTypeImpl                           : loaded 2 times (x 81B)
Class com.google.common.collect.Maps$IteratorBasedAbstractMap$1                       : loaded 2 times (x 138B)
Class com.google.common.collect.ImmutableListMultimap                                 : loaded 2 times (x 176B)
Class com.google.common.cache.CacheLoader$FunctionToCacheLoader                       : loaded 2 times (x 75B)
Class com.google.common.collect.Iterators$ArrayItr                                    : loaded 2 times (x 97B)
Class com.google.common.collect.ImmutableCollection$Builder                           : loaded 2 times (x 76B)
Class kotlin.comparisons.ComparisonsKt___ComparisonsJvmKt                             : loaded 2 times (x 71B)
Class kotlin.collections.CollectionsKt__IteratorsJVMKt                                : loaded 2 times (x 71B)
Class com.google.common.reflect.TypeResolver$TypeVariableKey                          : loaded 2 times (x 72B)
Class com.google.common.collect.EmptyImmutableListMultimap                            : loaded 2 times (x 176B)
Class com.google.common.collect.BaseImmutableMultimap                                 : loaded 2 times (x 123B)
Class com.google.common.base.Joiner                                                   : loaded 2 times (x 79B)
Class com.google.common.base.MoreObjects                                              : loaded 2 times (x 71B)
Class kotlin.reflect.KProperty0                                                       : loaded 2 times (x 70B)
Class kotlin.Result                                                                   : loaded 2 times (x 72B)
Class [Lorg.objectweb.asm.Type;                                                       : loaded 2 times (x 69B)
Class com.google.common.collect.Platform                                              : loaded 2 times (x 71B)
Class com.google.common.collect.UnmodifiableIterator                                  : loaded 2 times (x 80B)
Class org.gradle.internal.service.ServiceLocator                                      : loaded 2 times (x 70B)
Class jdk.internal.jrtfs.JrtFileSystemProvider                                        : loaded 2 times (x 101B)
Class kotlin.reflect.KProperty1                                                       : loaded 2 times (x 70B)
Class kotlin.reflect.KClass                                                           : loaded 2 times (x 70B)
Class kotlin.sequences.TransformingSequence$iterator$1                                : loaded 2 times (x 79B)
Class kotlin.Pair                                                                     : loaded 2 times (x 72B)
Class com.google.common.collect.HashBiMap$BiEntry                                     : loaded 2 times (x 83B)
Class com.google.common.collect.SingletonImmutableBiMap                               : loaded 2 times (x 143B)
Class com.google.common.base.Ascii                                                    : loaded 2 times (x 71B)
Class com.google.common.cache.LocalCache$1                                            : loaded 2 times (x 89B)
Class com.google.common.collect.Iterators$SingletonIterator                           : loaded 2 times (x 81B)
Class com.google.common.collect.AbstractMapEntry                                      : loaded 2 times (x 81B)
Class kotlin.sequences.GeneratorSequence$iterator$1                                   : loaded 2 times (x 79B)
Class kotlin.reflect.KProperty2                                                       : loaded 2 times (x 70B)
Class kotlin.collections.CollectionsKt__MutableCollectionsKt                          : loaded 2 times (x 71B)
Class kotlin.io.CloseableKt                                                           : loaded 2 times (x 71B)
Class com.google.common.reflect.TypeToken$SimpleTypeToken                             : loaded 2 times (x 73B)
Class com.google.common.collect.MapMakerInternalMap$AbstractStrongKeyEntry            : loaded 2 times (x 80B)
Class com.google.common.collect.Sets$ImprovedAbstractSet                              : loaded 2 times (x 135B)
Class com.google.common.collect.ImmutableList$Builder                                 : loaded 2 times (x 77B)
Class com.google.common.cache.LocalCache$2                                            : loaded 2 times (x 142B)
Class com.google.common.collect.AbstractMultimap                                      : loaded 2 times (x 123B)
Class kotlin.io.TerminateException                                                    : loaded 2 times (x 82B)
Class kotlin.io.FilesKt__FilePathComponentsKt                                         : loaded 2 times (x 71B)
Class kotlin.reflect.KCallable                                                        : loaded 2 times (x 70B)
Class kotlin.coroutines.CoroutineContext$Element                                      : loaded 2 times (x 70B)
Class com.google.common.collect.RegularImmutableAsList                                : loaded 2 times (x 217B)
Class kotlin.io.LinesSequence$iterator$1                                              : loaded 2 times (x 79B)
Class kotlin.collections.AbstractIterator                                             : loaded 2 times (x 83B)
Class kotlin.text.CharsKt                                                             : loaded 2 times (x 71B)
Class com.google.common.util.concurrent.AbstractFuture$Trusted                        : loaded 2 times (x 70B)
Class com.google.common.base.Optional                                                 : loaded 2 times (x 80B)
Class com.google.common.collect.Iterators                                             : loaded 2 times (x 71B)
Class jdk.internal.jimage.ImageLocation                                               : loaded 2 times (x 90B)
Class kotlin.coroutines.ContinuationInterceptor$Key                                   : loaded 2 times (x 71B)
Class com.google.common.io.ByteSink$AsCharSink                                        : loaded 2 times (x 80B)
Class com.google.common.collect.Lists$StringAsImmutableList                           : loaded 2 times (x 207B)
Class com.google.common.util.concurrent.UncheckedExecutionException                   : loaded 2 times (x 82B)
Class jdk.internal.jimage.ImageBufferCache$1                                          : loaded 2 times (x 83B)
Class kotlin.collections.ArraysKt___ArraysKt$asSequence$$inlined$Sequence$1           : loaded 2 times (x 75B)
Class kotlin.jvm.JvmStatic                                                            : loaded 2 times (x 70B)
Class kotlin.collections.MapsKt__MapsJVMKt                                            : loaded 2 times (x 71B)
Class kotlin.collections.EmptyList                                                    : loaded 2 times (x 174B)
Class org.objectweb.asm.ClassWriter                                                   : loaded 2 times (x 106B)
Class com.google.common.base.CharMatcher$And                                          : loaded 2 times (x 112B)
Class com.google.common.cache.CacheLoader$UnsupportedLoadingOperationException        : loaded 2 times (x 82B)
Class jdk.internal.jimage.ImageBufferCache$2                                          : loaded 2 times (x 91B)
Class kotlin.collections.builders.ListBuilderKt                                       : loaded 2 times (x 71B)
Class org.objectweb.asm.FieldVisitor                                                  : loaded 2 times (x 77B)
Class com.google.common.collect.FluentIterable$1                                      : loaded 2 times (x 81B)
Class com.google.common.base.Objects                                                  : loaded 2 times (x 71B)
Class com.google.common.collect.IndexedImmutableSet                                   : loaded 2 times (x 152B)
Class com.google.common.collect.ImmutableMap$1                                        : loaded 2 times (x 81B)
Class com.google.common.collect.BiMap                                                 : loaded 2 times (x 70B)
Class org.gradle.api.internal.classpath.DefaultModuleRegistry$DefaultModule           : loaded 2 times (x 82B)
Class kotlin.ResultKt                                                                 : loaded 2 times (x 71B)
Class com.google.common.reflect.Reflection                                            : loaded 2 times (x 71B)
Class com.google.common.base.Absent                                                   : loaded 2 times (x 80B)
Class com.google.common.collect.FluentIterable$2                                      : loaded 2 times (x 81B)
Class com.google.common.primitives.Ints                                               : loaded 2 times (x 71B)
Class com.google.common.collect.AbstractIterator                                      : loaded 2 times (x 82B)
Class kotlin.collections.IndexingIterable                                             : loaded 2 times (x 79B)
Class kotlin.Result$Failure                                                           : loaded 2 times (x 72B)
Class kotlin.collections.ArraysKt__ArraysKt                                           : loaded 2 times (x 71B)
Class com.google.common.collect.FluentIterable$3                                      : loaded 2 times (x 81B)
Class com.google.common.math.MathPreconditions                                        : loaded 2 times (x 71B)
Class com.google.common.collect.ObjectArrays                                          : loaded 2 times (x 71B)
Class com.google.common.collect.AbstractIndexedListIterator                           : loaded 2 times (x 96B)
Class com.google.common.collect.ArrayListMultimapGwtSerializationDependencies         : loaded 2 times (x 172B)
Class com.google.common.collect.Multiset                                              : loaded 2 times (x 70B)
Class kotlin.collections.SetsKt__SetsJVMKt                                            : loaded 2 times (x 71B)
Class kotlin.Function                                                                 : loaded 2 times (x 70B)
Class com.google.common.collect.ImmutableMapEntrySet                                  : loaded 2 times (x 152B)
Class org.gradle.api.internal.classpath.Module                                        : loaded 2 times (x 70B)
Class kotlin.KotlinVersion                                                            : loaded 2 times (x 74B)
Class kotlin.reflect.KMutableProperty                                                 : loaded 2 times (x 70B)
Class kotlin.io.FileAlreadyExistsException                                            : loaded 2 times (x 82B)
Class kotlin.internal.ProgressionUtilKt                                               : loaded 2 times (x 71B)
Class com.google.common.cache.Weigher                                                 : loaded 2 times (x 70B)
Class org.gradle.api.internal.classpath.UnknownModuleException                        : loaded 2 times (x 82B)
Class jdk.internal.jimage.ImageHeader                                                 : loaded 2 times (x 71B)
Class kotlin.jvm.internal.PropertyReference                                           : loaded 2 times (x 115B)
Class com.google.common.base.Stopwatch                                                : loaded 2 times (x 72B)
Class com.google.common.cache.LocalCache$Strength                                     : loaded 2 times (x 81B)
Class com.google.common.cache.Cache                                                   : loaded 2 times (x 70B)
Class kotlin.collections.IndexingIterator                                             : loaded 2 times (x 79B)
Class com.google.common.util.concurrent.AbstractFuture$Cancellation                   : loaded 2 times (x 72B)
Class com.google.common.io.AppendableWriter                                           : loaded 2 times (x 100B)
Class com.google.common.base.NullnessCasts                                            : loaded 2 times (x 71B)
Class com.google.common.collect.ImmutableMap$Builder                                  : loaded 2 times (x 82B)
Class [Lkotlin.reflect.KAnnotatedElement;                                             : loaded 2 times (x 69B)
Class com.google.common.collect.Maps$EntryFunction$1                                  : loaded 2 times (x 91B)
Class com.google.common.base.Present                                                  : loaded 2 times (x 81B)
Class com.google.common.cache.RemovalListener                                         : loaded 2 times (x 70B)
Class org.gradle.api.internal.DefaultClassPathRegistry                                : loaded 2 times (x 76B)
Class kotlin.annotation.AnnotationTarget                                              : loaded 2 times (x 79B)
Class kotlin.jvm.JvmClassMappingKt                                                    : loaded 2 times (x 71B)
Class kotlin.jvm.internal.Reflection                                                  : loaded 2 times (x 71B)
Class kotlin.reflect.KProperty                                                        : loaded 2 times (x 70B)
Class kotlin.ranges.ClosedRange                                                       : loaded 2 times (x 70B)
Class com.google.common.reflect.Invokable$ConstructorInvokable                        : loaded 2 times (x 107B)
Class com.google.common.collect.Maps$EntryFunction$2                                  : loaded 2 times (x 91B)
Class com.google.common.primitives.IntsMethodsForWeb                                  : loaded 2 times (x 71B)
Class com.google.common.collect.ImmutableMultimap$Keys                                : loaded 2 times (x 166B)
Class com.google.common.collect.Multimap                                              : loaded 2 times (x 70B)
Class org.gradle.internal.classpath.DefaultClassPath$ImmutableUniqueList              : loaded 2 times (x 199B)
Class org.gradle.api.internal.ClassPathRegistry                                       : loaded 2 times (x 70B)
Class kotlin.jvm.internal.TypeIntrinsics                                              : loaded 2 times (x 71B)
Class kotlin.collections.IntIterator                                                  : loaded 2 times (x 82B)
Class kotlin.text.StringsKt__StringsJVMKt                                             : loaded 2 times (x 71B)
Class com.google.common.reflect.TypeToken                                             : loaded 2 times (x 73B)
Class com.google.common.collect.NullnessCasts                                         : loaded 2 times (x 71B)
Class com.google.common.collect.MapMakerInternalMap$Segment                           : loaded 2 times (x 142B)
Class com.google.common.base.ExtraObjectsMethodsForWeb                                : loaded 2 times (x 71B)
Class kotlin.text.StringsKt__IndentKt                                                 : loaded 2 times (x 71B)
Class kotlin.collections.SetsKt                                                       : loaded 2 times (x 71B)
Class com.google.common.cache.RemovalCause                                            : loaded 2 times (x 80B)
Class com.google.common.io.ByteSink                                                   : loaded 2 times (x 76B)
Class com.google.common.collect.SingletonImmutableList                                : loaded 2 times (x 207B)
Class com.google.common.cache.CacheBuilder                                            : loaded 2 times (x 72B)
Class org.gradle.internal.classpath.ClassPath                                         : loaded 2 times (x 70B)
Class kotlin.collections.ArrayDeque                                                   : loaded 2 times (x 207B)
Class kotlin.reflect.KFunction                                                        : loaded 2 times (x 70B)
Class [Lcom.google.common.reflect.Types$JavaVersion;                                  : loaded 2 times (x 69B)
Class com.google.common.collect.Interners$InternerBuilder                             : loaded 2 times (x 76B)
Class com.google.common.io.Files$FileByteSource                                       : loaded 2 times (x 85B)
Class com.google.common.base.JdkPattern                                               : loaded 2 times (x 75B)
Class com.google.common.collect.ImmutableList$ReverseImmutableList                    : loaded 2 times (x 209B)
Class [Lkotlin.reflect.KDeclarationContainer;                                         : loaded 2 times (x 69B)
Class kotlin.jvm.internal.Lambda                                                      : loaded 2 times (x 75B)
Class kotlin.collections.MapsKt__MapsKt                                               : loaded 2 times (x 71B)
Class org.objectweb.asm.SymbolTable$Entry                                             : loaded 2 times (x 74B)
Class com.google.common.io.CharStreams$NullWriter                                     : loaded 2 times (x 99B)
Class org.gradle.api.internal.classpath.DefaultModuleRegistry$DefaultModuleAlias      : loaded 2 times (x 80B)
Class jdk.internal.jimage.ImageStringsReader                                          : loaded 2 times (x 80B)
Class com.google.common.base.Suppliers$SupplierOfInstance                             : loaded 2 times (x 79B)
Class com.google.common.collect.Iterators$1                                           : loaded 2 times (x 81B)
Class kotlin.properties.Delegates                                                     : loaded 2 times (x 71B)
Class kotlin.Metadata                                                                 : loaded 2 times (x 70B)
Class kotlin.collections.AbstractMutableSet                                           : loaded 2 times (x 142B)
Class com.google.devtools.ksp.processing.KSPJvmConfig                                 : loaded 2 times (x 72B)
Class kotlin.UninitializedPropertyAccessException                                     : loaded 2 times (x 82B)
Class com.google.common.reflect.TypeToken$1                                           : loaded 2 times (x 110B)
Class com.google.common.cache.LocalCache$ComputingValueReference                      : loaded 2 times (x 96B)
Class com.google.common.collect.ImmutableMap$IteratorBasedImmutableMap                : loaded 2 times (x 126B)
Class com.google.common.collect.SingletonImmutableSet                                 : loaded 2 times (x 146B)
Class jdk.internal.jimage.ImageReader                                                 : loaded 2 times (x 75B)
Class kotlin.reflect.KProperty$Getter                                                 : loaded 2 times (x 70B)
Class com.google.common.reflect.TypeToken$2                                           : loaded 2 times (x 110B)
Class com.google.common.collect.AbstractMapBasedMultimap$AsMap$AsMapEntries           : loaded 2 times (x 138B)
Class com.google.common.cache.LocalCache$Segment                                      : loaded 2 times (x 154B)
Class jdk.internal.jimage.ImageReader$SharedImageReader                               : loaded 2 times (x 95B)
Class kotlin.SafePublicationLazyImpl                                                  : loaded 2 times (x 76B)
Class [Lorg.objectweb.asm.SymbolTable$Entry;                                          : loaded 2 times (x 69B)
Class com.google.common.collect.ImmutableBiMap                                        : loaded 2 times (x 143B)
Class com.google.common.cache.CacheLoader                                             : loaded 2 times (x 74B)
Class com.google.common.collect.Iterators$4                                           : loaded 2 times (x 82B)
Class com.google.common.collect.AbstractListMultimap                                  : loaded 2 times (x 172B)
Class org.gradle.api.internal.classpath.ModuleRegistry                                : loaded 2 times (x 70B)
Class org.gradle.internal.installation.GradleInstallation$1                           : loaded 2 times (x 75B)
Class com.google.devtools.ksp.processing.KSPLogger                                    : loaded 2 times (x 70B)
Class com.google.common.util.concurrent.internal.InternalFutureFailureAccess          : loaded 2 times (x 72B)
Class com.google.common.base.Splitter$SplittingIterator                               : loaded 2 times (x 84B)
Class com.google.common.collect.ImmutableSet$JdkBackedSetBuilderImpl                  : loaded 2 times (x 76B)
Class com.google.common.collect.Iterators$5                                           : loaded 2 times (x 82B)
Class kotlin.coroutines.intrinsics.IntrinsicsKt__IntrinsicsKt                         : loaded 2 times (x 71B)
Class com.google.common.collect.Iterators$6                                           : loaded 2 times (x 81B)
Class com.google.common.collect.ImmutableMultimap$Values                              : loaded 2 times (x 126B)
Class com.google.common.base.CharMatcher$ForPredicate                                 : loaded 2 times (x 112B)
Class com.google.common.cache.LocalCache$LocalManualCache$1                           : loaded 2 times (x 75B)
Class jdk.internal.jimage.ImageReader$Node                                            : loaded 2 times (x 84B)
Class kotlin.io.FilesKt__UtilsKt                                                      : loaded 2 times (x 71B)
Class kotlin.collections.CollectionsKt__CollectionsJVMKt                              : loaded 2 times (x 71B)
Class com.google.common.base.CharMatcher$AnyOf                                        : loaded 2 times (x 112B)
Class com.google.common.collect.ImmutableCollection                                   : loaded 2 times (x 125B)
Class org.gradle.api.internal.classpath.DefaultModuleRegistry                         : loaded 2 times (x 84B)
Class jdk.internal.jimage.BasicImageReader$1                                          : loaded 2 times (x 77B)
Class kotlin.collections.IndexedValue                                                 : loaded 2 times (x 72B)
Class kotlin.KotlinVersionCurrentValue                                                : loaded 2 times (x 71B)
Class kotlin.collections.builders.MapBuilder$Itr                                      : loaded 2 times (x 72B)
Class kotlin.sequences.SequencesKt                                                    : loaded 2 times (x 71B)
Class kotlin.collections.CollectionsKt__IteratorsKt                                   : loaded 2 times (x 71B)
Class com.google.common.util.concurrent.ListenableFuture                              : loaded 2 times (x 70B)
Class com.google.common.collect.Lists                                                 : loaded 2 times (x 71B)
Class com.google.common.cache.ReferenceEntry                                          : loaded 2 times (x 70B)
Class com.google.common.base.Converter                                                : loaded 2 times (x 90B)
Class com.google.common.collect.ImmutableSet$CachingAsList                            : loaded 2 times (x 148B)
Class kotlin.jvm.internal.markers.KMutableSet                                         : loaded 2 times (x 70B)
Class kotlin.text.StringsKt                                                           : loaded 2 times (x 71B)
Class com.google.common.util.concurrent.AbstractFuture                                : loaded 2 times (x 106B)
Class com.google.common.base.FunctionalEquivalence                                    : loaded 2 times (x 83B)
Class com.google.common.collect.Iterators$9                                           : loaded 2 times (x 81B)
Class com.google.common.collect.AbstractMapBasedMultimap                              : loaded 2 times (x 139B)
Class com.google.common.collect.ImmutableAsList                                       : loaded 2 times (x 209B)
Class kotlin.coroutines.jvm.internal.RestrictedContinuationImpl                       : loaded 2 times (x 87B)
Class kotlin.coroutines.CoroutineContext$Key                                          : loaded 2 times (x 70B)
Class kotlin.LazyKt__LazyJVMKt                                                        : loaded 2 times (x 71B)
Class com.google.common.reflect.TypeResolver$TypeTable                                : loaded 2 times (x 73B)
Class org.objectweb.asm.RecordComponentVisitor                                        : loaded 2 times (x 77B)
Class com.google.common.io.CharStreams                                                : loaded 2 times (x 71B)
Class com.google.common.collect.ImmutableMultiset                                     : loaded 2 times (x 163B)
Class com.google.common.cache.CacheLoader$SupplierToCacheLoader                       : loaded 2 times (x 75B)
Class jdk.internal.jimage.decompressor.Decompressor                                   : loaded 2 times (x 72B)
Class [Lkotlin.Pair;                                                                  : loaded 2 times (x 69B)
Class kotlin.jvm.internal.markers.KMutableList                                        : loaded 2 times (x 70B)
Class kotlin.io.FilesKt__FileReadWriteKt                                              : loaded 2 times (x 71B)
Class kotlin.text.StringsKt__StringNumberConversionsKt                                : loaded 2 times (x 71B)
Class com.google.common.reflect.TypeResolver$TypeTable$1                              : loaded 2 times (x 73B)
Class com.google.common.collect.Maps$EntryTransformer                                 : loaded 2 times (x 70B)
Class org.gradle.internal.service.ServiceLookupException                              : loaded 2 times (x 82B)
Class [Lkotlin.sequences.Sequence;                                                    : loaded 2 times (x 69B)
Class kotlin.jvm.internal.MutablePropertyReference1Impl                               : loaded 2 times (x 137B)
Class [Lcom.google.common.cache.LocalCache$EntryFactory;                              : loaded 2 times (x 69B)
Class org.gradle.internal.classloader.ClassLoaderFactory                              : loaded 2 times (x 70B)
Class com.google.common.base.CommonPattern                                            : loaded 2 times (x 74B)
Class com.google.common.base.CharMatcher$IsNot                                        : loaded 2 times (x 111B)
Class com.google.common.cache.LocalCache$LocalManualCache                             : loaded 2 times (x 99B)
Class org.gradle.internal.service.CachingServiceLocator                               : loaded 2 times (x 82B)
Class kotlin.jvm.internal.CallableReference                                           : loaded 2 times (x 106B)
Class kotlin.collections.AbstractList$IteratorImpl                                    : loaded 2 times (x 82B)
Class com.google.common.math.IntMath                                                  : loaded 2 times (x 71B)
Class kotlin.properties.ReadOnlyProperty                                              : loaded 2 times (x 70B)
Class kotlin.jvm.internal.markers.KMutableMap                                         : loaded 2 times (x 70B)
Class kotlin.ranges.IntRange                                                          : loaded 2 times (x 93B)
Class com.google.common.reflect.Types$TypeVariableInvocationHandler                   : loaded 2 times (x 75B)
Class [Lcom.google.common.collect.HashBiMap$BiEntry;                                  : loaded 2 times (x 69B)
Class com.google.common.collect.MapMakerInternalMap$InternalEntry                     : loaded 2 times (x 70B)
Class com.google.common.collect.ImmutableMapEntry                                     : loaded 2 times (x 85B)
Class kotlin.enums.EnumEntries                                                        : loaded 2 times (x 70B)
Class com.google.common.base.Predicates                                               : loaded 2 times (x 71B)
Class com.google.common.collect.ImmutableMultimap                                     : loaded 2 times (x 147B)
Class com.google.common.collect.ImmutableMapEntry$NonTerminalImmutableMapEntry        : loaded 2 times (x 85B)
Class com.google.common.base.Equivalence                                              : loaded 2 times (x 82B)
Class com.google.common.base.Function                                                 : loaded 2 times (x 70B)
Class com.google.common.collect.IndexedImmutableSet$1                                 : loaded 2 times (x 213B)
Class com.google.common.collect.RegularImmutableList                                  : loaded 2 times (x 213B)
Class com.google.common.cache.CacheBuilder$OneWeigher                                 : loaded 2 times (x 82B)
Class jdk.internal.jimage.ImageBufferCache                                            : loaded 2 times (x 71B)
Class jdk.internal.jrtfs.JrtPath                                                      : loaded 2 times (x 118B)
Class com.google.common.reflect.Types$ClassOwnership$1LocalClass                      : loaded 2 times (x 71B)
Class com.google.common.collect.Maps$EntryFunction                                    : loaded 2 times (x 91B)
Class org.gradle.internal.classloader.ClasspathUtil                                   : loaded 2 times (x 71B)
Class kotlin.jvm.internal.PropertyReference0                                          : loaded 2 times (x 127B)
Class kotlin.sequences.EmptySequence                                                  : loaded 2 times (x 78B)
Class kotlin.io.FileSystemException                                                   : loaded 2 times (x 82B)
Class com.google.common.util.concurrent.Uninterruptibles                              : loaded 2 times (x 71B)
Class kotlin.jvm.internal.PropertyReference1                                          : loaded 2 times (x 127B)
Class com.google.common.util.concurrent.LazyLogger                                    : loaded 2 times (x 72B)
Class com.google.common.collect.Maps                                                  : loaded 2 times (x 71B)
Class org.gradle.api.specs.Spec                                                       : loaded 2 times (x 70B)
Class kotlin.jvm.internal.MutablePropertyReference                                    : loaded 2 times (x 119B)
Class kotlin.UnsafeLazyImpl                                                           : loaded 2 times (x 76B)
Class kotlin.LazyKt__LazyJVMKt$WhenMappings                                           : loaded 2 times (x 71B)
Class com.google.common.reflect.Types$JavaVersion                                     : loaded 2 times (x 83B)
Class com.google.common.collect.MapMaker                                              : loaded 2 times (x 72B)
Class [Lcom.google.common.collect.ImmutableEntry;                                     : loaded 2 times (x 69B)
Class kotlin.jvm.internal.ArrayIterator                                               : loaded 2 times (x 79B)
Class kotlin.LazyThreadSafetyMode                                                     : loaded 2 times (x 79B)
Class com.google.common.collect.Sets$3$1                                              : loaded 2 times (x 82B)
Class com.google.common.cache.LocalCache$LoadingValueReference                        : loaded 2 times (x 96B)
Class kotlin.jvm.internal.SpreadBuilder                                               : loaded 2 times (x 76B)
Class kotlin.collections.EmptyIterator                                                : loaded 2 times (x 89B)
Class kotlin.text.StringsKt__RegexExtensionsKt                                        : loaded 2 times (x 71B)
Class kotlin.SynchronizedLazyImpl                                                     : loaded 2 times (x 76B)
Class com.google.common.reflect.Invokable$MethodInvokable                             : loaded 2 times (x 107B)
Class com.google.common.collect.MapMakerInternalMap$StrongKeyDummyValueEntry          : loaded 2 times (x 82B)
Class com.google.common.io.LineReader$1                                               : loaded 2 times (x 75B)
Class com.google.common.collect.CollectSpliterators                                   : loaded 2 times (x 71B)
Class com.google.common.collect.AbstractMapBasedMultimap$AsMap                        : loaded 2 times (x 128B)
Class com.google.common.base.Platform                                                 : loaded 2 times (x 71B)
Class jdk.internal.jimage.ImageReader$Directory                                       : loaded 2 times (x 84B)
Class kotlin.io.FilePathComponents                                                    : loaded 2 times (x 72B)
Class kotlin.coroutines.jvm.internal.RestrictedSuspendLambda                          : loaded 2 times (x 91B)
Class kotlin.sequences.SequencesKt__SequencesJVMKt                                    : loaded 2 times (x 71B)
Class kotlin.collections.AbstractList                                                 : loaded 2 times (x 197B)
Class kotlin.collections.AbstractCollection                                           : loaded 2 times (x 117B)
Class com.google.devtools.ksp.processing.KspGradleLogger$Companion                    : loaded 2 times (x 71B)
Class [Lorg.objectweb.asm.AnnotationWriter;                                           : loaded 2 times (x 69B)
Class com.google.common.collect.AbstractMapBasedMultimap$WrappedList                  : loaded 2 times (x 205B)
Class com.google.common.collect.Maps$8                                                : loaded 2 times (x 82B)
Class kotlin.text.Regex                                                               : loaded 2 times (x 72B)
Class kotlin.Triple                                                                   : loaded 2 times (x 72B)
Class kotlin.sequences.SequencesKt__SequenceBuilderKt$sequence$$inlined$Sequence$1    : loaded 2 times (x 75B)
Class kotlin.text.StringsKt__StringBuilderJVMKt                                       : loaded 2 times (x 71B)
Class kotlin.collections.ArrayAsCollection                                            : loaded 2 times (x 105B)
Class kotlin.LazyKt__LazyKt                                                           : loaded 2 times (x 71B)
Class com.google.common.base.Predicates$CompositionPredicate                          : loaded 2 times (x 88B)
Class com.google.common.collect.Sets$SetView                                          : loaded 2 times (x 138B)
Class kotlin.jvm.internal.Ref$ObjectRef                                               : loaded 2 times (x 72B)
Class kotlin.jvm.internal.ReflectionFactory                                           : loaded 2 times (x 91B)
Class kotlin.UNINITIALIZED_VALUE                                                      : loaded 2 times (x 71B)
Class org.objectweb.asm.Type                                                          : loaded 2 times (x 72B)
Class com.google.common.graph.SuccessorsFunction                                      : loaded 2 times (x 70B)
Class org.gradle.internal.classloader.VisitableURLClassLoader$InstrumentingVisitableURLClassLoader: loaded 2 times (x 123B)
Class kotlin.collections.ReversedListReadOnly$listIterator$1                          : loaded 2 times (x 90B)
Class kotlin.comparisons.ComparisonsKt__ComparisonsKt                                 : loaded 2 times (x 71B)
Class kotlin.jvm.internal.ClassBasedDeclarationContainer                              : loaded 2 times (x 70B)
Class kotlin.coroutines.Continuation                                                  : loaded 2 times (x 70B)
Class kotlin.ranges.RangesKt__RangesKt                                                : loaded 2 times (x 71B)
Class kotlin.sequences.SequencesKt__SequencesKt                                       : loaded 2 times (x 71B)
Class kotlin.collections.SetsKt___SetsKt                                              : loaded 2 times (x 71B)
Class org.objectweb.asm.ByteVector                                                    : loaded 2 times (x 79B)
Class com.google.common.collect.MapMakerInternalMap$StrongKeyDummyValueEntry$Helper   : loaded 2 times (x 79B)
Class com.google.common.math.IntMath$1                                                : loaded 2 times (x 71B)
Class com.google.common.io.Files$FileByteSink                                         : loaded 2 times (x 77B)
Class [Lcom.google.common.cache.CacheBuilder$NullListener;                            : loaded 2 times (x 69B)
Class org.gradle.internal.classloader.VisitableURLClassLoader$Spec                    : loaded 2 times (x 74B)
Class org.gradle.internal.classpath.DefaultClassPath                                  : loaded 2 times (x 90B)
Class kotlin.comparisons.ComparisonsKt                                                : loaded 2 times (x 71B)
Class kotlin.comparisons.ComparisonsKt___ComparisonsKt                                : loaded 2 times (x 71B)
Class kotlin.Result$Companion                                                         : loaded 2 times (x 71B)
Class kotlin.coroutines.jvm.internal.BaseContinuationImpl                             : loaded 2 times (x 87B)
Class kotlin.text.CharsKt__CharJVMKt                                                  : loaded 2 times (x 71B)
Class kotlin.sequences.FilteringSequence                                              : loaded 2 times (x 75B)
Class com.google.devtools.ksp.processing.KspGradleLogger                              : loaded 2 times (x 79B)
Class com.google.common.reflect.Types$ClassOwnership                                  : loaded 2 times (x 80B)
Class org.objectweb.asm.Symbol                                                        : loaded 2 times (x 73B)
Class com.google.common.base.AbstractIterator                                         : loaded 2 times (x 80B)
Class kotlin.reflect.KType                                                            : loaded 2 times (x 70B)
Class com.google.common.collect.Sets$FilteredSet                                      : loaded 2 times (x 137B)
Class com.google.common.io.Closer                                                     : loaded 2 times (x 78B)
Class com.google.common.io.Java8Compatibility                                         : loaded 2 times (x 71B)
Class com.google.common.base.CharMatcher$BitSetMatcher                                : loaded 2 times (x 112B)
Class com.google.common.collect.RegularImmutableMap$Values                            : loaded 2 times (x 207B)
Class com.google.common.collect.ImmutableSet                                          : loaded 2 times (x 145B)
Class org.gradle.internal.classloader.ClassLoaderSpec                                 : loaded 2 times (x 71B)
Class kotlin.collections.ReversedListReadOnly                                         : loaded 2 times (x 198B)
Class kotlin.jvm.internal.FunctionReferenceImpl                                       : loaded 2 times (x 122B)
Class kotlin.collections.CollectionsKt___CollectionsJvmKt                             : loaded 2 times (x 71B)
Class org.objectweb.asm.AnnotationWriter                                              : loaded 2 times (x 79B)
Class com.google.common.cache.CacheStats                                              : loaded 2 times (x 71B)
Class kotlin.jdk7.AutoCloseableKt                                                     : loaded 2 times (x 71B)
Class kotlin.TuplesKt                                                                 : loaded 2 times (x 71B)
Class kotlin.jvm.internal.markers.KMutableIterable                                    : loaded 2 times (x 70B)
Class kotlin.sequences.SequencesKt___SequencesJvmKt                                   : loaded 2 times (x 71B)
Class kotlin.Unit                                                                     : loaded 2 times (x 71B)
Class org.objectweb.asm.RecordComponentWriter                                         : loaded 2 times (x 78B)
Class com.google.common.collect.Interners                                             : loaded 2 times (x 71B)
Class com.google.common.util.concurrent.AbstractFuture$Listener                       : loaded 2 times (x 72B)
Class com.google.common.io.Closer$Suppressor                                          : loaded 2 times (x 70B)
Class com.google.common.io.LineProcessor                                              : loaded 2 times (x 70B)
Class com.google.common.collect.ImmutableMultisetGwtSerializationDependencies         : loaded 2 times (x 125B)
Class com.google.common.base.CharMatcher$Or                                           : loaded 2 times (x 112B)
Class org.gradle.api.internal.classpath.Module$ModuleAlias                            : loaded 2 times (x 70B)
Class kotlin.ranges.RangesKt                                                          : loaded 2 times (x 71B)
Class org.objectweb.asm.Attribute                                                     : loaded 2 times (x 77B)
Class com.google.common.base.Supplier                                                 : loaded 2 times (x 70B)
Class org.gradle.internal.classloader.VisitableURLClassLoader                         : loaded 2 times (x 117B)
Class kotlin.sequences.GeneratorSequence                                              : loaded 2 times (x 75B)
Class kotlin.sequences.FlatteningSequence$iterator$1                                  : loaded 2 times (x 79B)
Class kotlin.collections.ArraysUtilJVM                                                : loaded 2 times (x 71B)
Class kotlin.jvm.functions.Function0                                                  : loaded 2 times (x 70B)
Class com.google.common.collect.ImmutableList$SerializedForm                          : loaded 2 times (x 73B)
Class org.gradle.internal.Cast                                                        : loaded 2 times (x 71B)
Class org.gradle.api.Action                                                           : loaded 2 times (x 70B)
Class kotlin.properties.ReadWriteProperty                                             : loaded 2 times (x 70B)
Class kotlin.collections.AbstractMutableList                                          : loaded 2 times (x 206B)
Class kotlin.jvm.functions.Function1                                                  : loaded 2 times (x 70B)
Class com.google.common.collect.HashBiMap                                             : loaded 2 times (x 143B)
Class org.objectweb.asm.Handler                                                       : loaded 2 times (x 72B)
Class com.google.common.collect.MapMakerInternalMap                                   : loaded 2 times (x 161B)
Class com.google.common.collect.Sets                                                  : loaded 2 times (x 71B)
Class com.google.common.base.Strings                                                  : loaded 2 times (x 71B)
Class com.google.common.base.CharMatcher$FastMatcher                                  : loaded 2 times (x 111B)
Class com.google.common.base.Ticker                                                   : loaded 2 times (x 72B)
Class kotlin.jvm.internal.markers.KMutableIterator                                    : loaded 2 times (x 70B)
Class kotlin.jvm.functions.Function2                                                  : loaded 2 times (x 70B)
Class kotlin.KotlinNothingValueException                                              : loaded 2 times (x 82B)
Class com.google.devtools.ksp.processing.KSPConfig                                    : loaded 2 times (x 72B)
Class com.google.common.cache.RemovalCause$1                                          : loaded 2 times (x 80B)
Class [Lcom.google.common.cache.LocalCache$Segment;                                   : loaded 2 times (x 69B)
Class com.google.common.base.Predicate                                                : loaded 2 times (x 70B)
Class [Lcom.google.common.cache.LocalCache$Strength;                                  : loaded 2 times (x 69B)
Class com.google.common.cache.CacheBuilder$1                                          : loaded 2 times (x 85B)
Class com.google.common.collect.ImmutableMap                                          : loaded 2 times (x 120B)
Class org.gradle.internal.classpath.DefaultClassPath$ImmutableUniqueList$Builder      : loaded 2 times (x 75B)
Class kotlin.jvm.functions.Function3                                                  : loaded 2 times (x 70B)
Class kotlin.io.FileTreeWalk$WalkState                                                : loaded 2 times (x 73B)
Class kotlin.collections.MapsKt___MapsJvmKt                                           : loaded 2 times (x 71B)
Class com.google.common.cache.RemovalCause$2                                          : loaded 2 times (x 80B)
Class com.google.common.collect.MapMakerInternalMap$WeakValueReference                : loaded 2 times (x 70B)
Class com.google.common.base.CharMatcher$NegatedFastMatcher                           : loaded 2 times (x 113B)
Class com.google.common.cache.LocalCache                                              : loaded 2 times (x 187B)
Class com.google.common.cache.CacheBuilder$2                                          : loaded 2 times (x 79B)
Class kotlin.annotation.Target                                                        : loaded 2 times (x 70B)
Class kotlin.jvm.functions.Function4                                                  : loaded 2 times (x 70B)
Class kotlin.collections.EmptySet                                                     : loaded 2 times (x 122B)
Class kotlin.collections.CollectionsKt___CollectionsKt                                : loaded 2 times (x 71B)
Class com.google.common.cache.RemovalCause$3                                          : loaded 2 times (x 80B)
Class [Lcom.google.common.collect.AbstractMapEntry;                                   : loaded 2 times (x 69B)
Class com.google.common.collect.ImmutableEntry                                        : loaded 2 times (x 82B)
Class com.google.common.cache.CacheBuilder$3                                          : loaded 2 times (x 72B)
Class com.google.common.collect.ArrayListMultimap                                     : loaded 2 times (x 172B)
Class org.gradle.api.GradleException                                                  : loaded 2 times (x 82B)
Class jdk.internal.jimage.ImageStrings                                                : loaded 2 times (x 70B)
Class kotlin.annotation.Retention                                                     : loaded 2 times (x 70B)
Class kotlin.jvm.functions.Function5                                                  : loaded 2 times (x 70B)
Class kotlin.reflect.KDeclarationContainer                                            : loaded 2 times (x 70B)
Class kotlin.text.StringsKt___StringsJvmKt                                            : loaded 2 times (x 71B)
Class com.google.common.cache.RemovalCause$4                                          : loaded 2 times (x 80B)
Class com.google.common.base.Suppliers$MemoizingSupplier                              : loaded 2 times (x 79B)
Class com.google.common.collect.CollectPreconditions                                  : loaded 2 times (x 71B)
Class kotlin.jvm.functions.Function6                                                  : loaded 2 times (x 70B)
Class kotlin.io.FilesKt                                                               : loaded 2 times (x 71B)
Class kotlin.collections.ArraysKt___ArraysKt                                          : loaded 2 times (x 71B)
Class kotlin.collections.MapsKt___MapsKt                                              : loaded 2 times (x 71B)
Class com.google.common.cache.RemovalCause$5                                          : loaded 2 times (x 80B)
Class com.google.common.collect.Maps$AbstractFilteredMap                              : loaded 2 times (x 127B)
Class [Lcom.google.common.collect.MapMakerInternalMap$Strength;                       : loaded 2 times (x 69B)
Class [Lcom.google.common.io.FileWriteMode;                                           : loaded 2 times (x 69B)
Class com.google.common.collect.SortedMapDifference                                   : loaded 2 times (x 70B)
Class kotlin.jvm.functions.Function7                                                  : loaded 2 times (x 70B)
Class kotlin.collections.MapsKt__MapWithDefaultKt                                     : loaded 2 times (x 71B)
Class com.google.common.cache.LocalCache$HashIterator                                 : loaded 2 times (x 86B)
Class com.google.common.collect.MapMakerInternalMap$StrongKeyDummyValueSegment        : loaded 2 times (x 142B)
Class com.google.common.io.Files                                                      : loaded 2 times (x 71B)
Class com.google.common.cache.LocalCache$EntryFactory                                 : loaded 2 times (x 83B)
Class [Lkotlin.annotation.AnnotationRetention;                                        : loaded 2 times (x 69B)
Class kotlin.jvm.functions.Function8                                                  : loaded 2 times (x 70B)
Class kotlin.collections.builders.MapBuilder$Companion                                : loaded 2 times (x 71B)
Class kotlin.text.StringsKt___StringsKt                                               : loaded 2 times (x 71B)
Class kotlin.collections.CollectionsKt__MutableCollectionsJVMKt                       : loaded 2 times (x 71B)
Class kotlin.enums.EnumEntriesKt                                                      : loaded 2 times (x 71B)
Class com.google.common.reflect.Types$NativeTypeVariableEquals                        : loaded 2 times (x 71B)
Class com.google.common.reflect.TypeParameter                                         : loaded 2 times (x 72B)
Class com.google.common.collect.Iterables$5                                           : loaded 2 times (x 81B)
Class com.google.common.cache.LocalCache$AbstractReferenceEntry                       : loaded 2 times (x 107B)
Class [Lcom.google.common.collect.MapMaker$Dummy;                                     : loaded 2 times (x 69B)
Class org.gradle.internal.IoActions                                                   : loaded 2 times (x 71B)
Class kotlin.annotation.MustBeDocumented                                              : loaded 2 times (x 70B)
Class kotlin.jvm.functions.Function10                                                 : loaded 2 times (x 70B)
Class kotlin.jvm.functions.Function9                                                  : loaded 2 times (x 70B)
Class [Lkotlin.reflect.KClassifier;                                                   : loaded 2 times (x 69B)
Class [Lkotlin.LazyThreadSafetyMode;                                                  : loaded 2 times (x 69B)
Class org.objectweb.asm.SymbolTable                                                   : loaded 2 times (x 72B)
Class com.google.common.collect.ImmutableMapKeySet                                    : loaded 2 times (x 152B)
Class com.google.common.cache.CacheLoader$InvalidCacheLoadException                   : loaded 2 times (x 82B)
Class com.google.common.collect.ImmutableSet$RegularSetBuilderImpl                    : loaded 2 times (x 77B)
Class kotlin.jvm.functions.Function11                                                 : loaded 2 times (x 70B)
Class kotlin.jvm.internal.PropertyReference0Impl                                      : loaded 2 times (x 127B)
Class kotlin.reflect.KAnnotatedElement                                                : loaded 2 times (x 70B)
Class kotlin.jvm.internal.markers.KMutableCollection                                  : loaded 2 times (x 70B)
Class kotlin.coroutines.intrinsics.IntrinsicsKt                                       : loaded 2 times (x 71B)
Class kotlin.ranges.IntRange$Companion                                                : loaded 2 times (x 71B)
Class kotlin.collections.EmptyMap                                                     : loaded 2 times (x 108B)
Class kotlin.jvm.internal.Intrinsics                                                  : loaded 2 times (x 71B)
Class com.google.common.cache.LocalCache$StrongEntry                                  : loaded 2 times (x 108B)
Class com.google.common.collect.FluentIterable                                        : loaded 2 times (x 81B)
Class com.google.common.util.concurrent.AbstractFuture$TrustedFuture                  : loaded 2 times (x 114B)
Class com.google.common.cache.LoadingCache                                            : loaded 2 times (x 70B)
Class jdk.internal.jrtfs.JrtFileSystem                                                : loaded 2 times (x 102B)
Class kotlin.jvm.functions.Function12                                                 : loaded 2 times (x 70B)
Class kotlin.coroutines.intrinsics.CoroutineSingletons                                : loaded 2 times (x 79B)
Class kotlin.collections.MapsKt                                                       : loaded 2 times (x 71B)
Class kotlin.collections.CollectionsKt__IterablesKt                                   : loaded 2 times (x 71B)
Class com.google.common.io.ByteStreams$LimitedInputStream                             : loaded 2 times (x 92B)
Class org.objectweb.asm.MethodWriter                                                  : loaded 2 times (x 106B)
Class com.google.common.base.Suppliers$NonSerializableMemoizingSupplier               : loaded 2 times (x 79B)
Class com.google.common.collect.RegularImmutableMap$BucketOverflowException           : loaded 2 times (x 82B)
Class [Lcom.google.common.cache.Weigher;                                              : loaded 2 times (x 69B)
Class kotlin.text.Charsets                                                            : loaded 2 times (x 71B)
Class kotlin.jvm.functions.Function13                                                 : loaded 2 times (x 70B)
Class kotlin.sequences.SequenceBuilderIterator                                        : loaded 2 times (x 85B)
Class kotlin.ranges.OpenEndRange                                                      : loaded 2 times (x 70B)
Class kotlin.KotlinNullPointerException                                               : loaded 2 times (x 83B)
Class com.google.common.collect.ImmutableMultimap$1                                   : loaded 2 times (x 82B)
Class com.google.common.collect.AbstractMapBasedMultimap$RandomAccessWrappedList      : loaded 2 times (x 205B)
Class kotlin.jvm.functions.Function14                                                 : loaded 2 times (x 70B)
Class kotlin.ranges.RangesKt___RangesKt                                               : loaded 2 times (x 71B)
Class com.google.common.reflect.Types$JavaVersion$1                                   : loaded 2 times (x 83B)
Class com.google.common.collect.RegularImmutableBiMap                                 : loaded 2 times (x 149B)
Class com.google.common.collect.AbstractIterator$State                                : loaded 2 times (x 79B)
Class com.google.common.collect.ImmutableMultimap$2                                   : loaded 2 times (x 81B)
Class com.google.common.base.CharMatcher$Negated                                      : loaded 2 times (x 113B)
Class com.google.common.base.CharMatcher$Is                                           : loaded 2 times (x 111B)
Class com.google.common.cache.LocalCache$ValueReference                               : loaded 2 times (x 70B)
Class kotlin.collections.ArrayDeque$Companion                                         : loaded 2 times (x 71B)
Class kotlin.jvm.functions.Function15                                                 : loaded 2 times (x 70B)
Class kotlin.text.CharsKt__CharKt                                                     : loaded 2 times (x 71B)
Class kotlin.collections.ArraysKt                                                     : loaded 2 times (x 71B)
Class com.google.common.reflect.Types$JavaVersion$2                                   : loaded 2 times (x 83B)
Class com.google.common.reflect.Types                                                 : loaded 2 times (x 71B)
Class com.google.common.hash.PrimitiveSink                                            : loaded 2 times (x 70B)
Class com.google.common.util.concurrent.AbstractFuture$Failure                        : loaded 2 times (x 72B)
Class com.google.common.base.PatternCompiler                                          : loaded 2 times (x 70B)
Class com.google.common.collect.Hashing                                               : loaded 2 times (x 71B)
Class com.google.common.base.Equivalence$Equals                                       : loaded 2 times (x 82B)
Class com.google.common.base.Preconditions                                            : loaded 2 times (x 71B)
Class kotlin.jvm.functions.Function16                                                 : loaded 2 times (x 70B)
Class kotlin.coroutines.EmptyCoroutineContext                                         : loaded 2 times (x 77B)
Class kotlin.collections.SetsKt__SetsKt                                               : loaded 2 times (x 71B)
Class kotlin.LazyKt                                                                   : loaded 2 times (x 71B)
Class com.google.common.reflect.Types$JavaVersion$3                                   : loaded 2 times (x 83B)
Class org.objectweb.asm.Label                                                         : loaded 2 times (x 73B)
Class org.objectweb.asm.CurrentFrame                                                  : loaded 2 times (x 73B)
Class org.objectweb.asm.ClassTooLargeException                                        : loaded 2 times (x 83B)
Class com.google.common.io.CharSink                                                   : loaded 2 times (x 79B)
Class com.google.common.base.CharMatcher                                              : loaded 2 times (x 111B)
Class com.google.common.base.Joiner$1                                                 : loaded 2 times (x 80B)
Class com.google.common.collect.PeekingIterator                                       : loaded 2 times (x 70B)
Class kotlin.InitializedLazyImpl                                                      : loaded 2 times (x 76B)
Class kotlin.jvm.functions.Function17                                                 : loaded 2 times (x 70B)
Class kotlin.collections.ArraysKt__ArraysJVMKt                                        : loaded 2 times (x 71B)
Class com.google.common.reflect.Types$JavaVersion$4                                   : loaded 2 times (x 83B)
Class com.google.common.collect.Maps$IteratorBasedAbstractMap                         : loaded 2 times (x 125B)
Class org.objectweb.asm.Frame                                                         : loaded 2 times (x 73B)
Class org.objectweb.asm.MethodVisitor                                                 : loaded 2 times (x 105B)
Class com.google.common.collect.Table                                                 : loaded 2 times (x 70B)
Class com.google.common.collect.MapMakerInternalMap$InternalEntryHelper               : loaded 2 times (x 70B)
Class com.google.common.base.CharMatcher$NamedFastMatcher                             : loaded 2 times (x 112B)
Class com.google.common.base.CharMatcher$1                                            : loaded 2 times (x 113B)
Class com.google.common.base.Joiner$2                                                 : loaded 2 times (x 79B)
Class com.google.common.cache.LocalCache$EntryFactory$1                               : loaded 2 times (x 83B)
Class [Lcom.google.common.cache.RemovalListener;                                      : loaded 2 times (x 69B)
Class kotlin.jvm.functions.Function18                                                 : loaded 2 times (x 70B)
Class kotlin.jvm.internal.CallableReference$NoReceiver                                : loaded 2 times (x 71B)
Class kotlin.text.StringsKt__StringBuilderKt                                          : loaded 2 times (x 71B)
Class com.google.common.reflect.Types$JavaVersion$5                                   : loaded 2 times (x 71B)
Class [Lcom.google.common.reflect.Types$ClassOwnership;                               : loaded 2 times (x 69B)
Class com.google.common.cache.LocalCache$EntryFactory$2                               : loaded 2 times (x 83B)
Class kotlin.reflect.KMutableProperty$Setter                                          : loaded 2 times (x 70B)
Class kotlin.jvm.functions.Function19                                                 : loaded 2 times (x 70B)
Class kotlin.Lazy                                                                     : loaded 2 times (x 70B)
Class kotlin.NoWhenBranchMatchedException                                             : loaded 2 times (x 82B)
Class org.objectweb.asm.ModuleWriter                                                  : loaded 2 times (x 82B)
Class com.google.common.collect.ImmutableMapEntrySet$RegularEntrySet                  : loaded 2 times (x 152B)
Class com.google.common.cache.LocalCache$EntryFactory$3                               : loaded 2 times (x 83B)
Class com.google.common.base.Ticker$1                                                 : loaded 2 times (x 72B)
Class com.google.common.collect.Maps$BiMapConverter                                   : loaded 2 times (x 90B)
Class com.google.common.collect.CollectSpliterators$1                                 : loaded 2 times (x 90B)
Class com.google.common.base.CharMatcher$InRange                                      : loaded 2 times (x 111B)
Class com.google.common.cache.LocalCache$EntryFactory$4                               : loaded 2 times (x 83B)
Class com.google.common.collect.ImmutableSet$Builder                                  : loaded 2 times (x 85B)
Class kotlin.sequences.ConstrainedOnceSequence                                        : loaded 2 times (x 75B)
Class com.google.common.io.ByteStreams$1                                              : loaded 2 times (x 85B)
Class com.google.common.cache.LocalCache$EntryFactory$5                               : loaded 2 times (x 83B)
Class [Lkotlin.reflect.KProperty;                                                     : loaded 2 times (x 69B)
Class kotlin.jvm.internal.markers.KMappedMarker                                       : loaded 2 times (x 70B)
Class com.google.common.cache.LocalCache$EntryFactory$6                               : loaded 2 times (x 83B)
Class org.gradle.internal.installation.CurrentGradleInstallationLocator               : loaded 2 times (x 71B)
Class [Lkotlin.io.FileWalkDirection;                                                  : loaded 2 times (x 69B)
Class com.google.common.collect.ImmutableMultimap$Builder                             : loaded 2 times (x 86B)
Class com.google.common.collect.ImmutableSet$EmptySetBuilderImpl                      : loaded 2 times (x 76B)
Class com.google.common.cache.LocalCache$EntryFactory$7                               : loaded 2 times (x 83B)
Class com.google.common.collect.ImmutableList                                         : loaded 2 times (x 206B)
Class org.gradle.internal.service.DefaultServiceLocator                               : loaded 2 times (x 83B)
Class kotlin.reflect.KMutableProperty0                                                : loaded 2 times (x 70B)
Class kotlin.reflect.KClassifier                                                      : loaded 2 times (x 70B)
Class kotlin.io.FileTreeWalk                                                          : loaded 2 times (x 75B)
Class kotlin.coroutines.jvm.internal.SuspendFunction                                  : loaded 2 times (x 70B)
Class com.google.common.collect.ImmutableMultimap$EntryCollection                     : loaded 2 times (x 128B)
Class com.google.common.collect.Maps$EntrySet                                         : loaded 2 times (x 136B)
Class com.google.common.cache.LocalCache$EntryFactory$8                               : loaded 2 times (x 83B)
Class com.google.common.collect.ImmutableSet$SetBuilderImpl                           : loaded 2 times (x 76B)
Class org.gradle.internal.installation.CurrentGradleInstallation                      : loaded 2 times (x 73B)
Class kotlin.jvm.internal.StringCompanionObject                                       : loaded 2 times (x 71B)
Class kotlin.reflect.KMutableProperty1                                                : loaded 2 times (x 70B)
Class kotlin.coroutines.intrinsics.IntrinsicsKt__IntrinsicsJvmKt                      : loaded 2 times (x 71B)
Class kotlin.coroutines.jvm.internal.CoroutineStackFrame                              : loaded 2 times (x 70B)
Class com.google.common.collect.ForwardingObject                                      : loaded 2 times (x 72B)
Class com.google.common.collect.ImmutableList$SubList                                 : loaded 2 times (x 209B)
Class com.google.common.cache.CacheLoader$1                                           : loaded 2 times (x 75B)
Class org.gradle.util.internal.GUtil                                                  : loaded 2 times (x 71B)
Class kotlin.reflect.KMutableProperty2                                                : loaded 2 times (x 70B)
Class kotlin.io.NoSuchFileException                                                   : loaded 2 times (x 82B)
Class kotlin.collections.CollectionsKt                                                : loaded 2 times (x 71B)
Class com.google.common.io.ByteSource                                                 : loaded 2 times (x 84B)
Class com.google.common.cache.AbstractCache$StatsCounter                              : loaded 2 times (x 70B)
Class kotlin.ranges.IntProgressionIterator                                            : loaded 2 times (x 82B)
Class kotlin.coroutines.jvm.internal.DebugProbesKt                                    : loaded 2 times (x 71B)
Class kotlin.coroutines.CoroutineContext                                              : loaded 2 times (x 70B)
Class com.google.common.reflect.Types$TypeVariableImpl                                : loaded 2 times (x 72B)
Class com.google.common.collect.MapMakerInternalMap$1                                 : loaded 2 times (x 83B)
Class com.google.common.io.LineBuffer                                                 : loaded 2 times (x 75B)
Class com.google.common.collect.Iterators$MergingIterator                             : loaded 2 times (x 81B)
Class com.google.common.collect.RegularImmutableSet                                   : loaded 2 times (x 149B)
Class org.gradle.internal.installation.GradleInstallation                             : loaded 2 times (x 75B)
Class com.google.common.base.Splitter$Strategy                                        : loaded 2 times (x 70B)
Class com.google.common.collect.Iterables                                             : loaded 2 times (x 71B)
Class kotlin.io.FileWalkDirection                                                     : loaded 2 times (x 79B)
Class kotlin.jvm.KotlinReflectionNotSupportedError                                    : loaded 2 times (x 82B)
Class kotlin.ranges.IntProgression                                                    : loaded 2 times (x 81B)

---------------  S Y S T E M  ---------------

OS:
 Windows 11 , 64 bit Build 26100 (10.0.26100.9168)
OS uptime: 0 days 5:43 hours

CPU: total 12 (initial active 12) (12 cores per cpu, 2 threads per core) family 23 model 8 stepping 2 microcode 0x800820d, cx8, cmov, fxsr, ht, mmx, 3dnowpref, sse, sse2, sse3, ssse3, sse4a, sse4.1, sse4.2, popcnt, lzcnt, tsc, tscinvbit, avx, avx2, aes, clmul, bmi1, bmi2, adx, sha, fma, vzeroupper, clflush, clflushopt, rdtscp, f16c
Processor Information for the first 12 processors :
  Max Mhz: 3600, Current Mhz: 3600, Mhz Limit: 3600

Memory: 4k page, system-wide physical 16313M (7350M free)
TotalPageFile size 16513M (AvailPageFile size 5270M)
current process WorkingSet (physical memory assigned to process): 1200M, peak: 1206M
current process commit charge ("private bytes"): 1234M, peak: 1242M

vm_info: OpenJDK 64-Bit Server VM (21.0.10+-14961533-b1163.108) for windows-amd64 JRE (21.0.10+-14961533-b1163.108), built on 2026-03-02T19:58:50Z by "builder" with MS VC++ 16.10 / 16.11 (VS2019)

END.
